date,CAD_per_EUR
2017-01-03,1.3973
2017-01-04,1.393
2017-01-05,1.4008
2017-01-06,1.3953
2017-01-09,1.3967
2017-01-10,1.397
2017-01-11,1.3916
2017-01-12,1.3966
2017-01-13,1.3967
2017-01-16,1.395
2017-01-17,1.397
2017-01-18,1.4052
2017-01-19,1.4159
2017-01-20,1.4242
2017-01-23,1.4266
2017-01-24,1.4156
2017-01-25,1.4052
2017-01-26,1.4001
2017-01-27,1.4036
2017-01-30,1.4002
2017-01-31,1.4053
2017-02-01,1.4066
2017-02-02,1.4049
2017-02-03,1.4022
2017-02-06,1.4061
2017-02-07,1.4072
2017-02-08,1.4064
2017-02-09,1.4003
2017-02-10,1.3911
2017-02-13,1.3874
2017-02-14,1.3832
2017-02-15,1.3843
2017-02-16,1.3917
2017-02-17,1.3923
2017-02-21,1.3861
2017-02-22,1.3892
2017-02-23,1.3867
2017-02-24,1.3853
2017-02-27,1.3907
2017-02-28,1.4051
2017-03-01,1.4072
2017-03-02,1.4069
2017-03-03,1.4169
2017-03-06,1.4195
2017-03-07,1.4184
2017-03-08,1.4215
2017-03-09,1.4301
2017-03-10,1.4353
2017-03-13,1.434
2017-03-14,1.4332
2017-03-15,1.4291
2017-03-16,1.4294
2017-03-17,1.433
2017-03-20,1.4354
2017-03-21,1.4393
2017-03-22,1.4434
2017-03-23,1.4381
2017-03-24,1.4448
2017-03-27,1.4548
2017-03-28,1.45
2017-03-29,1.4375
2017-03-30,1.4255
2017-03-31,1.4222
2017-04-03,1.4272
2017-04-04,1.4311
2017-04-05,1.4296
2017-04-06,1.4292
2017-04-07,1.421
2017-04-10,1.4144
2017-04-11,1.4148
2017-04-12,1.4111
2017-04-13,1.4102
2017-04-17,1.4155
2017-04-18,1.4321
2017-04-19,1.4423
2017-04-20,1.4485
2017-04-21,1.4447
2017-04-24,1.4648
2017-04-25,1.4847
2017-04-26,1.4797
2017-04-27,1.4817
2017-04-28,1.4896
2017-05-01,1.4902
2017-05-02,1.4971
2017-05-03,1.4963
2017-05-04,1.5057
2017-05-05,1.5063
2017-05-08,1.4985
2017-05-09,1.4939
2017-05-10,1.486
2017-05-11,1.4892
2017-05-12,1.4973
2017-05-15,1.4973
2017-05-16,1.5063
2017-05-17,1.5161
2017-05-18,1.5128
2017-05-19,1.5162
2017-05-23,1.512
2017-05-24,1.5063
2017-05-25,1.5082
2017-05-26,1.5039
2017-05-29,1.5027
2017-05-30,1.5059
2017-05-31,1.5164
2017-06-01,1.5141
2017-06-02,1.5218
2017-06-05,1.5171
2017-06-06,1.517
2017-06-07,1.5179
2017-06-08,1.5145
2017-06-09,1.5052
2017-06-12,1.5032
2017-06-13,1.4835
2017-06-14,1.4872
2017-06-15,1.481
2017-06-16,1.4804
2017-06-19,1.4758
2017-06-20,1.4771
2017-06-21,1.4839
2017-06-22,1.4769
2017-06-23,1.4853
2017-06-26,1.4819
2017-06-27,1.4913
2017-06-28,1.4844
2017-06-29,1.4868
2017-06-30,1.4813
2017-07-04,1.4685
2017-07-05,1.4714
2017-07-06,1.4767
2017-07-07,1.4692
2017-07-10,1.4688
2017-07-11,1.4774
2017-07-12,1.4613
2017-07-13,1.4529
2017-07-14,1.4515
2017-07-17,1.4535
2017-07-18,1.4606
2017-07-19,1.4512
2017-07-20,1.4604
2017-07-21,1.4632
2017-07-24,1.4565
2017-07-25,1.4592
2017-07-26,1.4572
2017-07-27,1.4621
2017-07-28,1.4619
2017-07-31,1.4719
2017-08-01,1.4779
2017-08-02,1.489
2017-08-03,1.4928
2017-08-04,1.4886
2017-08-08,1.4911
2017-08-09,1.4916
2017-08-10,1.4936
2017-08-11,1.4984
2017-08-14,1.4975
2017-08-15,1.4957
2017-08-16,1.4884
2017-08-17,1.4837
2017-08-18,1.4787
2017-08-21,1.4844
2017-08-22,1.476
2017-08-23,1.4835
2017-08-24,1.4789
2017-08-25,1.4821
2017-08-28,1.4929
2017-08-29,1.5037
2017-08-30,1.5009
2017-08-31,1.4887
2017-09-01,1.4719
2017-09-05,1.4733
2017-09-06,1.4628
2017-09-07,1.4585
2017-09-08,1.4601
2017-09-11,1.4521
2017-09-12,1.4538
2017-09-13,1.4517
2017-09-14,1.4506
2017-09-15,1.4564
2017-09-18,1.4621
2017-09-19,1.4712
2017-09-20,1.4697
2017-09-21,1.4718
2017-09-22,1.4729
2017-09-25,1.4634
2017-09-26,1.458
2017-09-27,1.4577
2017-09-28,1.4672
2017-09-29,1.4742
2017-10-02,1.4687
2017-10-03,1.4691
2017-10-04,1.4678
2017-10-05,1.4699
2017-10-06,1.4707
2017-10-10,1.4754
2017-10-11,1.4806
2017-10-12,1.477
2017-10-13,1.478
2017-10-16,1.4788
2017-10-17,1.4752
2017-10-18,1.4708
2017-10-19,1.4771
2017-10-20,1.4852
2017-10-23,1.485
2017-10-24,1.4901
2017-10-25,1.5073
2017-10-26,1.5009
2017-10-27,1.4925
2017-10-30,1.4926
2017-10-31,1.5014
2017-11-01,1.4978
2017-11-02,1.495
2017-11-03,1.4833
2017-11-06,1.4784
2017-11-07,1.4802
2017-11-08,1.4757
2017-11-09,1.4768
2017-11-10,1.4789
2017-11-14,1.499
2017-11-15,1.5082
2017-11-16,1.5002
2017-11-17,1.5077
2017-11-20,1.503
2017-11-21,1.4996
2017-11-22,1.5008
2017-11-23,1.5066
2017-11-24,1.515
2017-11-27,1.5179
2017-11-28,1.5202
2017-11-29,1.5231
2017-11-30,1.533
2017-12-01,1.5134
2017-12-04,1.5042
2017-12-05,1.4991
2017-12-06,1.5049
2017-12-07,1.5141
2017-12-08,1.5123
2017-12-11,1.5157
2017-12-12,1.5106
2017-12-13,1.5128
2017-12-14,1.5104
2017-12-15,1.5108
2017-12-18,1.5177
2017-12-19,1.5242
2017-12-20,1.5246
2017-12-21,1.5111
2017-12-22,1.5113
2017-12-27,1.5042
2017-12-28,1.5041
2017-12-29,1.5052
2018-01-02,1.5082
2018-01-03,1.5067
2018-01-04,1.5106
2018-01-05,1.4936
2018-01-08,1.4868
2018-01-09,1.4853
2018-01-10,1.496
2018-01-11,1.5088
2018-01-12,1.519
2018-01-15,1.5242
2018-01-16,1.5201
2018-01-17,1.5203
2018-01-18,1.5234
2018-01-19,1.5246
2018-01-22,1.5258
2018-01-23,1.5293
2018-01-24,1.5291
2018-01-25,1.5363
2018-01-26,1.5314
2018-01-29,1.5257
2018-01-30,1.53
2018-01-31,1.5286
2018-02-01,1.5331
2018-02-02,1.542
2018-02-05,1.55
2018-02-06,1.5495
2018-02-07,1.5423
2018-02-08,1.5429
2018-02-09,1.5431
2018-02-12,1.5465
2018-02-13,1.5566
2018-02-14,1.5566
2018-02-15,1.5617
2018-02-16,1.5595
2018-02-20,1.5579
2018-02-21,1.5608
2018-02-22,1.5664
2018-02-23,1.558
2018-02-26,1.5612
2018-02-27,1.5613
2018-02-28,1.5638
2018-03-01,1.5683
2018-03-02,1.5878
2018-03-05,1.5993
2018-03-06,1.5998
2018-03-07,1.6062
2018-03-08,1.595
2018-03-09,1.5809
2018-03-12,1.5805
2018-03-13,1.5988
2018-03-14,1.601
2018-03-15,1.6063
2018-03-16,1.6083
2018-03-19,1.6124
2018-03-20,1.6043
2018-03-21,1.5921
2018-03-22,1.589
2018-03-23,1.5882
2018-03-26,1.6029
2018-03-27,1.5957
2018-03-28,1.5924
2018-03-29,1.5867
2018-04-02,1.589
2018-04-03,1.5721
2018-04-04,1.5743
2018-04-05,1.5637
2018-04-06,1.5662
2018-04-09,1.5678
2018-04-10,1.5586
2018-04-11,1.5573
2018-04-12,1.552
2018-04-13,1.553
2018-04-16,1.5569
2018-04-17,1.5509
2018-04-18,1.562
2018-04-19,1.5611
2018-04-20,1.5636
2018-04-23,1.5681
2018-04-24,1.5685
2018-04-25,1.5674
2018-04-26,1.5601
2018-04-27,1.5558
2018-04-30,1.5509
2018-05-01,1.5448
2018-05-02,1.5393
2018-05-03,1.5409
2018-05-04,1.5368
2018-05-07,1.5335
2018-05-08,1.538
2018-05-09,1.5254
2018-05-10,1.5217
2018-05-11,1.5269
2018-05-14,1.5289
2018-05-15,1.5262
2018-05-16,1.511
2018-05-17,1.5103
2018-05-18,1.5163
2018-05-22,1.5065
2018-05-23,1.5066
2018-05-24,1.5121
2018-05-25,1.5132
2018-05-28,1.5114
2018-05-29,1.5042
2018-05-30,1.5014
2018-05-31,1.5118
2018-06-01,1.5124
2018-06-04,1.5129
2018-06-05,1.5194
2018-06-06,1.5204
2018-06-07,1.5329
2018-06-08,1.525
2018-06-11,1.5324
2018-06-12,1.5311
2018-06-13,1.5295
2018-06-14,1.5193
2018-06-15,1.5298
2018-06-18,1.5334
2018-06-19,1.5359
2018-06-20,1.5408
2018-06-21,1.5442
2018-06-22,1.5503
2018-06-25,1.5557
2018-06-26,1.5514
2018-06-27,1.5419
2018-06-28,1.5357
2018-06-29,1.536
2018-07-03,1.5329
2018-07-04,1.5316
2018-07-05,1.5355
2018-07-06,1.5392
2018-07-09,1.5397
2018-07-10,1.5394
2018-07-11,1.5399
2018-07-12,1.5374
2018-07-13,1.5361
2018-07-16,1.5385
2018-07-17,1.5398
2018-07-18,1.5371
2018-07-19,1.5401
2018-07-20,1.5392
2018-07-23,1.5396
2018-07-24,1.5383
2018-07-25,1.5303
2018-07-26,1.5242
2018-07-27,1.5221
2018-07-30,1.5244
2018-07-31,1.5239
2018-08-01,1.5177
2018-08-02,1.5108
2018-08-03,1.5043
2018-08-07,1.5099
2018-08-08,1.5141
2018-08-09,1.5085
2018-08-10,1.4971
2018-08-13,1.4981
2018-08-14,1.4869
2018-08-15,1.4887
2018-08-16,1.4961
2018-08-17,1.4932
2018-08-20,1.4954
2018-08-21,1.5046
2018-08-22,1.5096
2018-08-23,1.5098
2018-08-24,1.5144
2018-08-27,1.5152
2018-08-28,1.5129
2018-08-29,1.5118
2018-08-30,1.5138
2018-08-31,1.5165
2018-09-04,1.5246
2018-09-05,1.5318
2018-09-06,1.5336
2018-09-07,1.5232
2018-09-10,1.5267
2018-09-11,1.5225
2018-09-12,1.5122
2018-09-13,1.518
2018-09-14,1.5184
2018-09-17,1.5215
2018-09-18,1.5179
2018-09-19,1.5115
2018-09-20,1.518
2018-09-21,1.5173
2018-09-24,1.5226
2018-09-25,1.5246
2018-09-26,1.5244
2018-09-27,1.5227
2018-09-28,1.502
2018-10-01,1.4831
2018-10-02,1.4801
2018-10-03,1.4791
2018-10-04,1.4849
2018-10-05,1.4901
2018-10-09,1.4878
2018-10-10,1.4974
2018-10-11,1.5093
2018-10-12,1.5063
2018-10-15,1.5053
2018-10-16,1.4988
2018-10-17,1.4978
2018-10-18,1.4991
2018-10-19,1.5064
2018-10-22,1.5036
2018-10-23,1.5029
2018-10-24,1.4846
2018-10-25,1.4878
2018-10-26,1.4921
2018-10-29,1.4935
2018-10-30,1.4917
2018-10-31,1.4876
2018-11-01,1.4926
2018-11-02,1.4941
2018-11-05,1.493
2018-11-06,1.4991
2018-11-07,1.5013
2018-11-08,1.496
2018-11-09,1.4974
2018-11-13,1.4926
2018-11-14,1.4969
2018-11-15,1.4945
2018-11-16,1.4998
2018-11-19,1.509
2018-11-20,1.5098
2018-11-21,1.5124
2018-11-22,1.506
2018-11-23,1.5
2018-11-26,1.5008
2018-11-27,1.5018
2018-11-28,1.5062
2018-11-29,1.5108
2018-11-30,1.5068
2018-12-03,1.4968
2018-12-04,1.5016
2018-12-05,1.515
2018-12-06,1.5254
2018-12-07,1.5155
2018-12-10,1.5222
2018-12-11,1.5186
2018-12-12,1.5166
2018-12-13,1.5172
2018-12-14,1.5112
2018-12-17,1.5203
2018-12-18,1.5293
2018-12-19,1.5349
2018-12-20,1.5454
2018-12-21,1.5453
2018-12-24,1.5513
2018-12-27,1.5582
2018-12-28,1.561
2018-12-31,1.5613
2019-01-02,1.5441
2019-01-03,1.5376
2019-01-04,1.5278
2019-01-07,1.5266
2019-01-08,1.5209
2019-01-09,1.5229
2019-01-10,1.5237
2019-01-11,1.5222
2019-01-14,1.5218
2019-01-15,1.5139
2019-01-16,1.5104
2019-01-17,1.5139
2019-01-18,1.5079
2019-01-21,1.5115
2019-01-22,1.5154
2019-01-23,1.5189
2019-01-24,1.5123
2019-01-25,1.5105
2019-01-28,1.5156
2019-01-29,1.5157
2019-01-30,1.5084
2019-01-31,1.5066
2019-02-01,1.5015
2019-02-04,1.5011
2019-02-05,1.4992
2019-02-06,1.5006
2019-02-07,1.5079
2019-02-08,1.5037
2019-02-11,1.5
2019-02-12,1.499
2019-02-13,1.494
2019-02-14,1.5015
2019-02-15,1.4961
2019-02-19,1.4998
2019-02-20,1.4948
2019-02-21,1.4963
2019-02-22,1.4938
2019-02-25,1.4957
2019-02-26,1.5007
2019-02-27,1.4954
2019-02-28,1.499
2019-03-01,1.5083
2019-03-04,1.5089
2019-03-05,1.5091
2019-03-06,1.5179
2019-03-07,1.5084
2019-03-08,1.5081
2019-03-11,1.5077
2019-03-12,1.5096
2019-03-13,1.5069
2019-03-14,1.5062
2019-03-15,1.5107
2019-03-18,1.5132
2019-03-19,1.509
2019-03-20,1.5146
2019-03-21,1.5194
2019-03-22,1.5144
2019-03-25,1.519
2019-03-26,1.5109
2019-03-27,1.5101
2019-03-28,1.5078
2019-03-29,1.5002
2019-04-01,1.4961
2019-04-02,1.4941
2019-04-03,1.4975
2019-04-04,1.4984
2019-04-05,1.502
2019-04-08,1.5008
2019-04-09,1.5011
2019-04-10,1.501
2019-04-11,1.5066
2019-04-12,1.5072
2019-04-15,1.5098
2019-04-16,1.5088
2019-04-17,1.5064
2019-04-18,1.5038
2019-04-22,1.5031
2019-04-23,1.505
2019-04-24,1.5063
2019-04-25,1.5026
2019-04-26,1.5015
2019-04-29,1.5029
2019-04-30,1.5055
2019-05-01,1.507
2019-05-02,1.5055
2019-05-03,1.5021
2019-05-06,1.5068
2019-05-07,1.5068
2019-05-08,1.5077
2019-05-09,1.5127
2019-05-10,1.5079
2019-05-13,1.5128
2019-05-14,1.51
2019-05-15,1.5065
2019-05-16,1.5026
2019-05-17,1.5038
2019-05-21,1.4967
2019-05-22,1.4966
2019-05-23,1.5043
2019-05-24,1.5064
2019-05-27,1.5049
2019-05-28,1.5063
2019-05-29,1.5054
2019-05-30,1.5031
2019-05-31,1.5098
2019-06-03,1.511
2019-06-04,1.5085
2019-06-05,1.5076
2019-06-06,1.5091
2019-06-07,1.5049
2019-06-10,1.5007
2019-06-11,1.5034
2019-06-12,1.5042
2019-06-13,1.5027
2019-06-14,1.5023
2019-06-17,1.5056
2019-06-18,1.4994
2019-06-19,1.4968
2019-06-20,1.4897
2019-06-21,1.4981
2019-06-24,1.5029
2019-06-25,1.4993
2019-06-26,1.4931
2019-06-27,1.4904
2019-06-28,1.4887
2019-07-02,1.4816
2019-07-03,1.4751
2019-07-04,1.4733
2019-07-05,1.4702
2019-07-08,1.4671
2019-07-09,1.4712
2019-07-10,1.4728
2019-07-11,1.4717
2019-07-12,1.4679
2019-07-15,1.4683
2019-07-16,1.4636
2019-07-17,1.4649
2019-07-18,1.4679
2019-07-19,1.467
2019-07-22,1.4697
2019-07-23,1.4661
2019-07-24,1.4638
2019-07-25,1.4657
2019-07-26,1.4668
2019-07-29,1.4653
2019-07-30,1.4683
2019-07-31,1.4627
2019-08-01,1.4621
2019-08-02,1.4686
2019-08-06,1.4832
2019-08-07,1.4946
2019-08-08,1.4848
2019-08-09,1.4814
2019-08-12,1.4839
2019-08-13,1.4808
2019-08-14,1.4842
2019-08-15,1.4808
2019-08-16,1.4731
2019-08-19,1.4753
2019-08-20,1.4777
2019-08-21,1.4734
2019-08-22,1.4734
2019-08-23,1.4794
2019-08-26,1.4753
2019-08-27,1.4721
2019-08-28,1.4739
2019-08-29,1.4706
2019-08-30,1.4629
2019-09-03,1.4626
2019-09-04,1.4622
2019-09-05,1.4614
2019-09-06,1.4543
2019-09-09,1.4541
2019-09-10,1.4522
2019-09-11,1.4503
2019-09-12,1.4579
2019-09-13,1.4684
2019-09-16,1.4585
2019-09-17,1.4655
2019-09-18,1.4669
2019-09-19,1.4657
2019-09-20,1.4622
2019-09-23,1.4584
2019-09-24,1.4584
2019-09-25,1.4542
2019-09-26,1.4503
2019-09-27,1.4496
2019-09-30,1.4438
2019-10-01,1.4464
2019-10-02,1.4556
2019-10-03,1.4632
2019-10-04,1.4619
2019-10-07,1.4616
2019-10-08,1.4603
2019-10-09,1.4626
2019-10-10,1.4644
2019-10-11,1.4577
2019-10-15,1.456
2019-10-16,1.4603
2019-10-17,1.4618
2019-10-18,1.4644
2019-10-21,1.4606
2019-10-22,1.4581
2019-10-23,1.4555
2019-10-24,1.4529
2019-10-25,1.4483
2019-10-28,1.4487
2019-10-29,1.452
2019-10-30,1.4622
2019-10-31,1.4671
2019-11-01,1.4683
2019-11-04,1.4652
2019-11-05,1.457
2019-11-06,1.4596
2019-11-07,1.4563
2019-11-08,1.4576
2019-11-12,1.4569
2019-11-13,1.458
2019-11-14,1.4599
2019-11-15,1.4618
2019-11-18,1.4633
2019-11-19,1.4665
2019-11-20,1.4723
2019-11-21,1.4703
2019-11-22,1.4661
2019-11-25,1.4652
2019-11-26,1.4641
2019-11-27,1.4608
2019-11-28,1.4623
2019-11-29,1.4633
2019-12-02,1.4715
2019-12-03,1.4742
2019-12-04,1.4655
2019-12-05,1.4622
2019-12-06,1.4658
2019-12-09,1.4648
2019-12-10,1.4672
2019-12-11,1.4652
2019-12-12,1.466
2019-12-13,1.4678
2019-12-16,1.4647
2019-12-17,1.4677
2019-12-18,1.4586
2019-12-19,1.4594
2019-12-20,1.4584
2019-12-23,1.4592
2019-12-24,1.4584
2019-12-27,1.4611
2019-12-30,1.4631
2019-12-31,1.4583
2020-01-02,1.452
2020-01-03,1.4497
2020-01-06,1.4515
2020-01-07,1.4502
2020-01-08,1.448
2020-01-09,1.4526
2020-01-10,1.4504
2020-01-13,1.4528
2020-01-14,1.453
2020-01-15,1.4554
2020-01-16,1.4532
2020-01-17,1.4493
2020-01-20,1.4471
2020-01-21,1.4502
2020-01-22,1.4541
2020-01-23,1.4533
2020-01-24,1.4493
2020-01-27,1.4525
2020-01-28,1.4509
2020-01-29,1.452
2020-01-30,1.4579
2020-01-31,1.4653
2020-02-03,1.4681
2020-02-04,1.4662
2020-02-05,1.4622
2020-02-06,1.4596
2020-02-07,1.4574
2020-02-10,1.4548
2020-02-11,1.451
2020-02-12,1.4431
2020-02-13,1.4378
2020-02-14,1.4368
2020-02-18,1.4326
2020-02-19,1.4282
2020-02-20,1.4312
2020-02-21,1.4341
2020-02-24,1.4407
2020-02-25,1.4431
2020-02-26,1.4476
2020-02-27,1.4672
2020-02-28,1.4766
2020-03-02,1.489
2020-03-03,1.4912
2020-03-04,1.4902
2020-03-05,1.5021
2020-03-06,1.5187
2020-03-09,1.5559
2020-03-10,1.5571
2020-03-11,1.5531
2020-03-12,1.544
2020-03-13,1.543
2020-03-16,1.5574
2020-03-17,1.5574
2020-03-18,1.5772
2020-03-19,1.5555
2020-03-20,1.5327
2020-03-23,1.5584
2020-03-24,1.5634
2020-03-25,1.5495
2020-03-26,1.5487
2020-03-27,1.5525
2020-03-30,1.5613
2020-03-31,1.5584
2020-04-01,1.5538
2020-04-02,1.5396
2020-04-03,1.5267
2020-04-06,1.5251
2020-04-07,1.5245
2020-04-08,1.5254
2020-04-09,1.5277
2020-04-13,1.5209
2020-04-14,1.5253
2020-04-15,1.536
2020-04-16,1.5331
2020-04-17,1.5262
2020-04-20,1.5308
2020-04-21,1.5412
2020-04-22,1.5335
2020-04-23,1.5185
2020-04-24,1.5215
2020-04-27,1.5227
2020-04-28,1.5159
2020-04-29,1.5117
2020-04-30,1.5186
2020-05-01,1.5453
2020-05-04,1.5371
2020-05-05,1.5225
2020-05-06,1.5264
2020-05-07,1.5141
2020-05-08,1.5109
2020-05-11,1.5156
2020-05-12,1.5221
2020-05-13,1.5255
2020-05-14,1.5206
2020-05-15,1.5248
2020-05-19,1.5196
2020-05-20,1.5254
2020-05-21,1.5281
2020-05-22,1.5272
2020-05-25,1.524
2020-05-26,1.5154
2020-05-27,1.5144
2020-05-28,1.5224
2020-05-29,1.5314
2020-06-01,1.5162
2020-06-02,1.5101
2020-06-03,1.5161
2020-06-04,1.5279
2020-06-05,1.5174
2020-06-08,1.5121
2020-06-09,1.5216
2020-06-10,1.5225
2020-06-11,1.5384
2020-06-12,1.5309
2020-06-15,1.5348
2020-06-16,1.5279
2020-06-17,1.5223
2020-06-18,1.5238
2020-06-19,1.5221
2020-06-22,1.5236
2020-06-23,1.5303
2020-06-24,1.5316
2020-06-25,1.5308
2020-06-26,1.5345
2020-06-29,1.5389
2020-06-30,1.5305
2020-07-02,1.5279
2020-07-03,1.5247
2020-07-06,1.5326
2020-07-07,1.5337
2020-07-08,1.5332
2020-07-09,1.5328
2020-07-10,1.5367
2020-07-13,1.5407
2020-07-14,1.5513
2020-07-15,1.5453
2020-07-16,1.545
2020-07-17,1.552
2020-07-20,1.5488
2020-07-21,1.5452
2020-07-22,1.554
2020-07-23,1.5526
2020-07-24,1.5608
2020-07-27,1.5723
2020-07-28,1.5682
2020-07-29,1.5721
2020-07-30,1.5851
2020-07-31,1.5831
2020-08-04,1.5732
2020-08-05,1.5751
2020-08-06,1.5764
2020-08-07,1.5765
2020-08-10,1.5701
2020-08-11,1.564
2020-08-12,1.5626
2020-08-13,1.5628
2020-08-14,1.5678
2020-08-17,1.5671
2020-08-18,1.5718
2020-08-19,1.5668
2020-08-20,1.5633
2020-08-21,1.5552
2020-08-24,1.5599
2020-08-25,1.5598
2020-08-26,1.5544
2020-08-27,1.5512
2020-08-28,1.5576
2020-08-31,1.5573
2020-09-01,1.5592
2020-09-02,1.547
2020-09-03,1.5537
2020-09-04,1.5478
2020-09-08,1.5552
2020-09-09,1.5552
2020-09-10,1.5617
2020-09-11,1.5612
2020-09-14,1.5641
2020-09-15,1.5622
2020-09-16,1.5583
2020-09-17,1.5603
2020-09-18,1.5628
2020-09-21,1.5624
2020-09-22,1.5599
2020-09-23,1.5599
2020-09-24,1.5591
2020-09-25,1.5575
2020-09-28,1.5602
2020-09-29,1.5705
2020-09-30,1.5631
2020-10-01,1.5612
2020-10-02,1.5593
2020-10-05,1.5631
2020-10-06,1.5637
2020-10-07,1.5623
2020-10-08,1.5537
2020-10-09,1.5524
2020-10-13,1.5432
2020-10-14,1.5447
2020-10-15,1.5479
2020-10-16,1.5465
2020-10-19,1.551
2020-10-20,1.5536
2020-10-21,1.5571
2020-10-22,1.5538
2020-10-23,1.5568
2020-10-26,1.5598
2020-10-27,1.5568
2020-10-28,1.5619
2020-10-29,1.5586
2020-10-30,1.5533
2020-11-02,1.5421
2020-11-03,1.5396
2020-11-04,1.5391
2020-11-05,1.5428
2020-11-06,1.549
2020-11-09,1.5357
2020-11-10,1.538
2020-11-12,1.5491
2020-11-13,1.5548
2020-11-16,1.5489
2020-11-17,1.5541
2020-11-18,1.55
2020-11-19,1.5499
2020-11-20,1.5503
2020-11-23,1.5501
2020-11-24,1.5473
2020-11-25,1.5487
2020-11-26,1.5494
2020-11-27,1.5516
2020-11-30,1.5509
2020-12-01,1.5578
2020-12-02,1.5635
2020-12-03,1.5649
2020-12-04,1.5548
2020-12-07,1.553
2020-12-08,1.5513
2020-12-09,1.5472
2020-12-10,1.5442
2020-12-11,1.5472
2020-12-14,1.5501
2020-12-15,1.546
2020-12-16,1.5532
2020-12-17,1.5589
2020-12-18,1.5638
2020-12-21,1.5707
2020-12-22,1.573
2020-12-23,1.5669
2020-12-24,1.5644
2020-12-29,1.5688
2020-12-30,1.5691
2020-12-31,1.5608
2021-01-04,1.5641
2021-01-05,1.5611
2021-01-06,1.5614
2021-01-07,1.5589
2021-01-08,1.5545
2021-01-11,1.5549
2021-01-12,1.5514
2021-01-13,1.5459
2021-01-14,1.5365
2021-01-15,1.5393
2021-01-18,1.5408
2021-01-19,1.5443
2021-01-20,1.5319
2021-01-21,1.5347
2021-01-22,1.5475
2021-01-25,1.5463
2021-01-26,1.5446
2021-01-27,1.546
2021-01-28,1.5535
2021-01-29,1.5513
2021-02-01,1.5487
2021-02-02,1.5416
2021-02-03,1.5368
2021-02-04,1.5358
2021-02-05,1.537
2021-02-08,1.5363
2021-02-09,1.5395
2021-02-10,1.5392
2021-02-11,1.5392
2021-02-12,1.5396
2021-02-16,1.5363
2021-02-17,1.5305
2021-02-18,1.5338
2021-02-19,1.5293
2021-02-22,1.533
2021-02-23,1.5312
2021-02-24,1.5234
2021-02-25,1.5299
2021-02-26,1.5348
2021-03-01,1.5253
2021-03-02,1.5234
2021-03-03,1.524
2021-03-04,1.5179
2021-03-05,1.5098
2021-03-08,1.5017
2021-03-09,1.5028
2021-03-10,1.5049
2021-03-11,1.5033
2021-03-12,1.4919
2021-03-15,1.4883
2021-03-16,1.4831
2021-03-17,1.4858
2021-03-18,1.4853
2021-03-19,1.488
2021-03-22,1.493
2021-03-23,1.4908
2021-03-24,1.4856
2021-03-25,1.4858
2021-03-26,1.4831
2021-03-29,1.483
2021-03-30,1.4808
2021-03-31,1.4759
2021-04-01,1.4781
2021-04-05,1.4783
2021-04-06,1.4879
2021-04-07,1.4994
2021-04-08,1.4977
2021-04-09,1.492
2021-04-12,1.4952
2021-04-13,1.4984
2021-04-14,1.5004
2021-04-15,1.4998
2021-04-16,1.4979
2021-04-19,1.5063
2021-04-20,1.5133
2021-04-21,1.5056
2021-04-22,1.5023
2021-04-23,1.508
2021-04-26,1.4997
2021-04-27,1.4985
2021-04-28,1.4941
2021-04-29,1.4897
2021-04-30,1.4798
2021-05-03,1.4808
2021-05-04,1.4803
2021-05-05,1.4726
2021-05-06,1.4708
2021-05-07,1.4761
2021-05-10,1.4707
2021-05-11,1.471
2021-05-12,1.462
2021-05-13,1.4677
2021-05-14,1.4697
2021-05-17,1.468
2021-05-18,1.4724
2021-05-19,1.477
2021-05-20,1.4744
2021-05-21,1.4694
2021-05-25,1.4767
2021-05-26,1.4784
2021-05-27,1.4723
2021-05-28,1.4723
2021-06-01,1.4729
2021-06-02,1.4709
2021-06-03,1.4688
2021-06-04,1.47
2021-06-07,1.4713
2021-06-08,1.4734
2021-06-09,1.4741
2021-06-10,1.4723
2021-06-11,1.4709
2021-06-14,1.4718
2021-06-15,1.4774
2021-06-16,1.4747
2021-06-17,1.4711
2021-06-18,1.4746
2021-06-21,1.4741
2021-06-22,1.4726
2021-06-23,1.4675
2021-06-24,1.4699
2021-06-25,1.4685
2021-06-28,1.4709
2021-06-29,1.4733
2021-06-30,1.4699
2021-07-02,1.4638
2021-07-05,1.4646
2021-07-06,1.4718
2021-07-07,1.4727
2021-07-08,1.4855
2021-07-09,1.4806
2021-07-12,1.4789
2021-07-13,1.4773
2021-07-14,1.4778
2021-07-15,1.4847
2021-07-16,1.4869
2021-07-19,1.5054
2021-07-20,1.4988
2021-07-21,1.4842
2021-07-22,1.4804
2021-07-23,1.4799
2021-07-26,1.4813
2021-07-27,1.4872
2021-07-28,1.4839
2021-07-29,1.4797
2021-07-30,1.4788
2021-08-03,1.4889
2021-08-04,1.4867
2021-08-05,1.4796
2021-08-06,1.4768
2021-08-09,1.4763
2021-08-10,1.4695
2021-08-11,1.4681
2021-08-12,1.4692
2021-08-13,1.4752
2021-08-16,1.4803
2021-08-17,1.4799
2021-08-18,1.4789
2021-08-19,1.495
2021-08-20,1.5025
2021-08-23,1.4886
2021-08-24,1.4813
2021-08-25,1.4832
2021-08-26,1.4873
2021-08-27,1.489
2021-08-30,1.4867
2021-08-31,1.4906
2021-09-01,1.4932
2021-09-02,1.4914
2021-09-03,1.488
2021-09-07,1.4954
2021-09-08,1.4984
2021-09-09,1.4965
2021-09-10,1.4934
2021-09-13,1.4942
2021-09-14,1.4966
2021-09-15,1.4945
2021-09-16,1.4904
2021-09-17,1.4937
2021-09-20,1.5039
2021-09-21,1.5013
2021-09-22,1.4961
2021-09-23,1.4854
2021-09-24,1.4854
2021-09-27,1.4788
2021-09-28,1.4811
2021-09-29,1.4801
2021-10-01,1.4676
2021-10-04,1.4627
2021-10-05,1.4587
2021-10-06,1.4563
2021-10-07,1.4515
2021-10-08,1.4441
2021-10-12,1.4375
2021-10-13,1.4403
2021-10-14,1.4343
2021-10-15,1.4357
2021-10-18,1.4367
2021-10-19,1.4386
2021-10-20,1.4359
2021-10-21,1.4372
2021-10-22,1.4379
2021-10-25,1.4371
2021-10-26,1.4357
2021-10-27,1.4345
2021-10-28,1.4408
2021-10-29,1.4338
2021-11-01,1.4331
2021-11-02,1.4373
2021-11-03,1.4383
2021-11-04,1.438
2021-11-05,1.4376
2021-11-08,1.4422
2021-11-09,1.4426
2021-11-10,1.4343
2021-11-12,1.4381
2021-11-15,1.4282
2021-11-16,1.4228
2021-11-17,1.425
2021-11-18,1.4328
2021-11-19,1.4282
2021-11-22,1.4265
2021-11-23,1.43
2021-11-24,1.4196
2021-11-25,1.4188
2021-11-26,1.4437
2021-11-29,1.4387
2021-11-30,1.4489
2021-12-01,1.4472
2021-12-02,1.4502
2021-12-03,1.4481
2021-12-06,1.4421
2021-12-07,1.4242
2021-12-08,1.4326
2021-12-09,1.4345
2021-12-10,1.4374
2021-12-13,1.4441
2021-12-14,1.4486
2021-12-15,1.4519
2021-12-16,1.4473
2021-12-17,1.449
2021-12-20,1.4608
2021-12-21,1.4577
2021-12-22,1.4567
2021-12-23,1.4509
2021-12-24,1.4502
2021-12-29,1.4517
2021-12-30,1.4462
2021-12-31,1.4391
2022-01-04,1.4347
2022-01-05,1.4407
2022-01-06,1.44
2022-01-07,1.4367
2022-01-10,1.4351
2022-01-11,1.4309
2022-01-12,1.4295
2022-01-13,1.4311
2022-01-14,1.4329
2022-01-17,1.4281
2022-01-18,1.4211
2022-01-19,1.4175
2022-01-20,1.4136
2022-01-21,1.4233
2022-01-24,1.432
2022-01-25,1.4252
2022-01-26,1.4218
2022-01-27,1.417
2022-01-28,1.4243
2022-01-31,1.426
2022-02-01,1.4287
2022-02-02,1.4336
2022-02-03,1.4468
2022-02-04,1.4606
2022-02-07,1.4507
2022-02-08,1.4508
2022-02-09,1.4496
2022-02-10,1.4519
2022-02-11,1.4459
2022-02-14,1.4402
2022-02-15,1.4468
2022-02-16,1.443
2022-02-17,1.4427
2022-02-18,1.4434
2022-02-22,1.4448
2022-02-23,1.4397
2022-02-24,1.4328
2022-02-25,1.4335
2022-02-28,1.4238
2022-03-01,1.4143
2022-03-02,1.4066
2022-03-03,1.4012
2022-03-04,1.3923
2022-03-07,1.3897
2022-03-08,1.4031
2022-03-09,1.4173
2022-03-10,1.4067
2022-03-11,1.392
2022-03-14,1.401
2022-03-15,1.4039
2022-03-16,1.3994
2022-03-17,1.4031
2022-03-18,1.393
2022-03-21,1.3894
2022-03-22,1.3879
2022-03-23,1.3822
2022-03-24,1.379
2022-03-25,1.3751
2022-03-28,1.3767
2022-03-29,1.3881
2022-03-30,1.3906
2022-03-31,1.3853
2022-04-01,1.3816
2022-04-04,1.3718
2022-04-05,1.361
2022-04-06,1.3648
2022-04-07,1.3713
2022-04-08,1.368
2022-04-11,1.3741
2022-04-12,1.3695
2022-04-13,1.369
2022-04-14,1.3635
2022-04-18,1.3614
2022-04-19,1.3625
2022-04-20,1.356
2022-04-21,1.3604
2022-04-22,1.3714
2022-04-25,1.3675
2022-04-26,1.364
2022-04-27,1.354
2022-04-28,1.3477
2022-04-29,1.3492
2022-05-02,1.3556
2022-05-03,1.3537
2022-05-04,1.3518
2022-05-05,1.35
2022-05-06,1.3612
2022-05-09,1.3683
2022-05-10,1.3716
2022-05-11,1.3668
2022-05-12,1.3549
2022-05-13,1.3465
2022-05-16,1.3431
2022-05-17,1.3526
2022-05-18,1.348
2022-05-19,1.3548
2022-05-20,1.3542
2022-05-24,1.376
2022-05-25,1.3695
2022-05-26,1.3706
2022-05-27,1.3656
2022-05-30,1.3644
2022-05-31,1.3561
2022-06-01,1.3485
2022-06-02,1.3512
2022-06-03,1.3489
2022-06-06,1.3447
2022-06-07,1.3424
2022-06-08,1.3455
2022-06-09,1.3482
2022-06-10,1.345
2022-06-13,1.3425
2022-06-14,1.3493
2022-06-15,1.3481
2022-06-16,1.3594
2022-06-17,1.3662
2022-06-20,1.3668
2022-06-21,1.3632
2022-06-22,1.3677
2022-06-23,1.3653
2022-06-24,1.3637
2022-06-27,1.3644
2022-06-28,1.3545
2022-06-29,1.3484
2022-06-30,1.3467
2022-07-04,1.3424
2022-07-05,1.3378
2022-07-06,1.3283
2022-07-07,1.3203
2022-07-08,1.3184
2022-07-11,1.3092
2022-07-12,1.3083
2022-07-13,1.306
2022-07-14,1.3147
2022-07-15,1.3137
2022-07-18,1.3152
2022-07-19,1.3211
2022-07-20,1.3136
2022-07-21,1.3151
2022-07-22,1.3151
2022-07-25,1.3143
2022-07-26,1.3048
2022-07-27,1.3053
2022-07-28,1.3039
2022-07-29,1.3072
2022-08-02,1.3109
2022-08-03,1.3056
2022-08-04,1.3135
2022-08-05,1.3162
2022-08-08,1.3114
2022-08-09,1.3168
2022-08-10,1.3198
2022-08-11,1.3178
2022-08-12,1.3121
2022-08-15,1.3142
2022-08-16,1.3081
2022-08-17,1.3134
2022-08-18,1.308
2022-08-19,1.3049
2022-08-22,1.2979
2022-08-23,1.2927
2022-08-24,1.292
2022-08-25,1.2897
2022-08-26,1.2988
2022-08-29,1.3013
2022-08-30,1.3101
2022-08-31,1.3161
2022-09-01,1.311
2022-09-02,1.3106
2022-09-06,1.3015
2022-09-07,1.3099
2022-09-08,1.3087
2022-09-09,1.3094
2022-09-12,1.3147
2022-09-13,1.3128
2022-09-14,1.3153
2022-09-15,1.3196
2022-09-16,1.3279
2022-09-19,1.3293
2022-09-20,1.3314
2022-09-21,1.3242
2022-09-22,1.327
2022-09-23,1.3187
2022-09-26,1.3213
2022-09-27,1.3185
2022-09-28,1.3204
2022-09-29,1.3383
2022-10-03,1.3389
2022-10-04,1.3516
2022-10-05,1.3474
2022-10-06,1.3475
2022-10-07,1.3384
2022-10-11,1.3402
2022-10-12,1.3384
2022-10-13,1.3455
2022-10-14,1.3486
2022-10-17,1.3479
2022-10-18,1.3548
2022-10-19,1.3471
2022-10-20,1.3458
2022-10-21,1.3455
2022-10-24,1.354
2022-10-25,1.3563
2022-10-26,1.364
2022-10-27,1.3534
2022-10-28,1.3549
2022-10-31,1.3502
2022-11-01,1.3468
2022-11-02,1.3472
2022-11-03,1.3415
2022-11-04,1.3385
2022-11-07,1.3505
2022-11-08,1.3515
2022-11-09,1.3514
2022-11-10,1.3578
2022-11-14,1.3733
2022-11-15,1.379
2022-11-16,1.3829
2022-11-17,1.3809
2022-11-18,1.3846
2022-11-21,1.3778
2022-11-22,1.3773
2022-11-23,1.3882
2022-11-24,1.3886
2022-11-25,1.3905
2022-11-28,1.3982
2022-11-29,1.4043
2022-11-30,1.3992
2022-12-01,1.4107
2022-12-02,1.4149
2022-12-05,1.4236
2022-12-06,1.4319
2022-12-07,1.4343
2022-12-08,1.4321
2022-12-09,1.437
2022-12-12,1.4395
2022-12-13,1.4399
2022-12-14,1.4451
2022-12-15,1.4511
2022-12-16,1.4526
2022-12-19,1.4485
2022-12-20,1.4466
2022-12-21,1.4446
2022-12-22,1.4469
2022-12-23,1.4441
2022-12-28,1.4421
2022-12-29,1.446
2022-12-30,1.4458
2023-01-03,1.442
2023-01-04,1.4327
2023-01-05,1.4293
2023-01-06,1.4295
2023-01-09,1.4365
2023-01-10,1.4407
2023-01-11,1.4436
2023-01-12,1.4479
2023-01-13,1.4505
2023-01-16,1.4493
2023-01-17,1.4475
2023-01-18,1.4541
2023-01-19,1.4572
2023-01-20,1.4545
2023-01-23,1.4536
2023-01-24,1.4539
2023-01-25,1.4597
2023-01-26,1.4525
2023-01-27,1.4464
2023-01-30,1.4517
2023-01-31,1.4497
2023-02-01,1.4549
2023-02-02,1.4545
2023-02-03,1.4508
2023-02-06,1.443
2023-02-07,1.438
2023-02-08,1.4405
2023-02-09,1.4443
2023-02-10,1.4272
2023-02-13,1.4291
2023-02-14,1.433
2023-02-15,1.4322
2023-02-16,1.4357
2023-02-17,1.4393
2023-02-21,1.4405
2023-02-22,1.4393
2023-02-23,1.4357
2023-02-24,1.4372
2023-02-27,1.4381
2023-02-28,1.4434
2023-03-01,1.4517
2023-03-02,1.4425
2023-03-03,1.4453
2023-03-06,1.4532
2023-03-07,1.4528
2023-03-08,1.4541
2023-03-09,1.4585
2023-03-10,1.4707
2023-03-13,1.4718
2023-03-14,1.4674
2023-03-15,1.4544
2023-03-16,1.4575
2023-03-17,1.4627
2023-03-20,1.4658
2023-03-21,1.4762
2023-03-22,1.4819
2023-03-23,1.4871
2023-03-24,1.4802
2023-03-27,1.4758
2023-03-28,1.4768
2023-03-29,1.4716
2023-03-30,1.4757
2023-03-31,1.4708
2023-04-03,1.463
2023-04-04,1.4709
2023-04-05,1.4695
2023-04-06,1.4718
2023-04-10,1.4678
2023-04-11,1.471
2023-04-12,1.4771
2023-04-13,1.4761
2023-04-14,1.4702
2023-04-17,1.4644
2023-04-18,1.4679
2023-04-19,1.4731
2023-04-20,1.4773
2023-04-21,1.4863
2023-04-24,1.4937
2023-04-25,1.4963
2023-04-26,1.5053
2023-04-27,1.4997
2023-04-28,1.4959
2023-05-01,1.4881
2023-05-02,1.4959
2023-05-03,1.5043
2023-05-04,1.4951
2023-05-05,1.4784
2023-05-08,1.472
2023-05-09,1.4675
2023-05-10,1.468
2023-05-11,1.4716
2023-05-12,1.4705
2023-05-15,1.4667
2023-05-16,1.4625
2023-05-17,1.4585
2023-05-18,1.4548
2023-05-19,1.4593
2023-05-23,1.455
2023-05-24,1.4622
2023-05-25,1.4612
2023-05-26,1.4612
2023-05-29,1.4561
2023-05-30,1.4584
2023-05-31,1.4511
2023-06-01,1.4481
2023-06-02,1.4412
2023-06-05,1.4382
2023-06-06,1.4338
2023-06-07,1.4321
2023-06-08,1.4388
2023-06-09,1.435
2023-06-12,1.4376
2023-06-13,1.4369
2023-06-14,1.4416
2023-06-15,1.4471
2023-06-16,1.4439
2023-06-19,1.4422
2023-06-20,1.4449
2023-06-21,1.4442
2023-06-22,1.443
2023-06-23,1.4374
2023-06-26,1.4349
2023-06-27,1.444
2023-06-28,1.4474
2023-06-29,1.4422
2023-06-30,1.4445
2023-07-04,1.4403
2023-07-05,1.4429
2023-07-06,1.4514
2023-07-07,1.4553
2023-07-10,1.4586
2023-07-11,1.4578
2023-07-12,1.4652
2023-07-13,1.4703
2023-07-14,1.4807
2023-07-17,1.4813
2023-07-18,1.4811
2023-07-19,1.4751
2023-07-20,1.4682
2023-07-21,1.4695
2023-07-24,1.4593
2023-07-25,1.456
2023-07-26,1.4637
2023-07-27,1.4527
2023-07-28,1.4585
2023-07-31,1.4517
2023-08-01,1.458
2023-08-02,1.4598
2023-08-03,1.4609
2023-08-04,1.4713
2023-08-08,1.4734
2023-08-09,1.4746
2023-08-10,1.4763
2023-08-11,1.4734
2023-08-14,1.469
2023-08-15,1.4726
2023-08-16,1.4731
2023-08-17,1.4715
2023-08-18,1.4733
2023-08-21,1.4754
2023-08-22,1.4706
2023-08-23,1.4702
2023-08-24,1.4685
2023-08-25,1.4695
2023-08-28,1.4695
2023-08-29,1.474
2023-08-30,1.4785
2023-08-31,1.4682
2023-09-01,1.4674
2023-09-05,1.4616
2023-09-06,1.4642
2023-09-07,1.4632
2023-09-08,1.4599
2023-09-11,1.459
2023-09-12,1.4541
2023-09-13,1.4552
2023-09-14,1.4405
2023-09-15,1.4427
2023-09-18,1.4407
2023-09-19,1.435
2023-09-20,1.4375
2023-09-21,1.4373
2023-09-22,1.4345
2023-09-25,1.4275
2023-09-26,1.4292
2023-09-27,1.4211
2023-09-28,1.4243
2023-09-29,1.4304
2023-10-03,1.4354
2023-10-04,1.4443
2023-10-05,1.4462
2023-10-06,1.4454
2023-10-10,1.4406
2023-10-11,1.4432
2023-10-12,1.4413
2023-10-13,1.4363
2023-10-16,1.4363
2023-10-17,1.4428
2023-10-18,1.443
2023-10-19,1.4512
2023-10-20,1.4502
2023-10-23,1.457
2023-10-24,1.4554
2023-10-25,1.4576
2023-10-26,1.4577
2023-10-27,1.4652
2023-10-30,1.4674
2023-10-31,1.4692
2023-11-01,1.4628
2023-11-02,1.465
2023-11-03,1.4669
2023-11-06,1.4681
2023-11-07,1.4703
2023-11-08,1.476
2023-11-09,1.4741
2023-11-10,1.4756
2023-11-14,1.4887
2023-11-15,1.4838
2023-11-16,1.4936
2023-11-17,1.4937
2023-11-20,1.5016
2023-11-21,1.4971
2023-11-22,1.4931
2023-11-23,1.4937
2023-11-24,1.4898
2023-11-27,1.4918
2023-11-28,1.4915
2023-11-29,1.4917
2023-11-30,1.4808
2023-12-01,1.4685
2023-12-04,1.4664
2023-12-05,1.4666
2023-12-06,1.4637
2023-12-07,1.4675
2023-12-08,1.4618
2023-12-11,1.4595
2023-12-12,1.4673
2023-12-13,1.4658
2023-12-14,1.4735
2023-12-15,1.4595
2023-12-18,1.462
2023-12-19,1.4643
2023-12-20,1.4607
2023-12-21,1.4628
2023-12-22,1.4615
2023-12-27,1.4656
2023-12-28,1.464
2023-12-29,1.4626
2024-01-02,1.4584
2024-01-03,1.4577
2024-01-04,1.4623
2024-01-05,1.4614
2024-01-08,1.4657
2024-01-09,1.4639
2024-01-10,0.1895
2024-01-11,1.4694
2024-01-12,1.4673
2024-01-15,1.471
2024-01-16,1.4663
2024-01-17,1.4691
2024-01-18,1.4669
2024-01-19,1.4654
2024-01-22,1.465
2024-01-23,1.4617
2024-01-24,1.4698
2024-01-25,1.4637
2024-01-26,1.461
2024-01-29,1.4536
2024-01-30,1.4545
2024-01-31,1.4532
2024-02-01,1.4542
2024-02-02,1.4527
2024-02-05,1.4526
2024-02-06,1.4512
2024-02-07,1.4506
2024-02-08,1.4501
2024-02-09,1.4512
2024-02-12,1.449
2024-02-13,1.4528
2024-02-14,1.4531
2024-02-15,1.4526
2024-02-16,1.4521
2024-02-20,1.4619
2024-02-21,1.461
2024-02-22,1.46
2024-02-23,1.4607
2024-02-26,1.4661
2024-02-27,1.4667
2024-02-28,1.4704
2024-02-29,1.468
2024-03-01,1.469
2024-03-04,1.4734
2024-03-05,1.4745
2024-03-06,1.474
2024-03-07,1.4721
2024-03-08,1.4744
2024-03-11,1.474
2024-03-12,1.4739
2024-03-13,1.4746
2024-03-14,1.4727
2024-03-15,1.4735
2024-03-18,1.4734
2024-03-19,1.4747
2024-03-20,1.4728
2024-03-21,1.4706
2024-03-22,1.47
2024-03-25,1.4718
2024-03-26,1.4711
2024-03-27,1.4701
2024-03-28,1.4632
2024-04-01,1.4592
2024-04-02,1.4609
2024-04-03,1.4642
2024-04-04,1.4666
2024-04-05,1.4723
2024-04-08,1.4736
2024-04-09,1.4748
2024-04-10,1.4703
2024-04-11,1.4684
2024-04-12,1.4648
2024-04-15,1.4638
2024-04-16,1.469
2024-04-17,1.4692
2024-04-18,1.4665
2024-04-19,1.4653
2024-04-22,1.4601
2024-04-23,1.4623
2024-04-24,1.4659
2024-04-25,1.4671
2024-04-26,1.4624
2024-04-29,1.4636
2024-04-30,1.4695
2024-05-01,1.47
2024-05-02,1.4667
2024-05-03,1.4724
2024-05-06,1.4723
2024-05-07,1.4757
2024-05-08,1.476
2024-05-09,1.4748
2024-05-10,1.4722
2024-05-13,1.476
2024-05-14,1.4767
2024-05-15,1.4792
2024-05-16,1.4802
2024-05-17,1.4793
2024-05-21,1.4816
2024-05-22,1.4814
2024-05-23,1.4836
2024-05-24,1.4834
2024-05-27,1.4804
2024-05-28,1.4825
2024-05-29,1.4824
2024-05-30,1.482
2024-05-31,1.4802
2024-06-03,1.4831
2024-06-04,1.488
2024-06-05,1.4889
2024-06-06,1.4897
2024-06-07,1.486
2024-06-10,1.48
2024-06-11,1.4778
2024-06-12,1.4836
2024-06-13,1.4792
2024-06-14,1.4702
2024-06-17,1.4735
2024-06-18,1.4734
2024-06-19,1.4732
2024-06-20,1.4678
2024-06-21,1.465
2024-06-24,1.4663
2024-06-25,1.4626
2024-06-26,1.463
2024-06-27,1.4661
2024-06-28,1.4659
2024-07-02,1.4705
2024-07-03,1.4713
2024-07-04,1.4713
2024-07-05,1.4763
2024-07-08,1.4771
2024-07-09,1.4748
2024-07-10,1.4743
2024-07-11,1.4811
2024-07-12,1.4856
2024-07-15,1.4902
2024-07-16,1.49
2024-07-17,1.4964
2024-07-18,1.4944
2024-07-19,1.4942
2024-07-22,1.4972
2024-07-23,1.4943
2024-07-24,1.4967
2024-07-25,1.4997
2024-07-26,1.5019
2024-07-29,1.4986
2024-07-30,1.4974
2024-07-31,1.4949
2024-08-01,1.4943
2024-08-02,1.5111
2024-08-06,1.5069
2024-08-07,1.5008
2024-08-08,1.4991
2024-08-09,1.4996
2024-08-12,1.5012
2024-08-13,1.5047
2024-08-14,1.5112
2024-08-15,1.5056
2024-08-16,1.5081
2024-08-19,1.5104
2024-08-20,1.5139
2024-08-21,1.5141
2024-08-22,1.5118
2024-08-23,1.5107
2024-08-26,1.5052
2024-08-27,1.5035
2024-08-28,1.4975
2024-08-29,1.4928
2024-08-30,1.4921
2024-09-03,1.4959
2024-09-04,1.4975
2024-09-05,1.4999
2024-09-06,1.5022
2024-09-09,1.4977
2024-09-10,1.4993
2024-09-11,1.4973
2024-09-12,1.5009
2024-09-13,1.506
2024-09-16,1.5121
2024-09-17,1.512
2024-09-18,1.5123
2024-09-19,1.5119
2024-09-20,1.5139
2024-09-23,1.5029
2024-09-24,1.5022
2024-09-25,1.5023
2024-09-26,1.5046
2024-09-27,1.5076
2024-10-01,1.4947
2024-10-02,1.4905
2024-10-03,1.4933
2024-10-04,1.4895
2024-10-07,1.4939
2024-10-08,1.4988
2024-10-09,1.4986
2024-10-10,1.5029
2024-10-11,1.5056
2024-10-15,1.5044
2024-10-16,1.4974
2024-10-17,1.4933
2024-10-18,1.4989
2024-10-21,1.4983
2024-10-22,1.494
2024-10-23,1.4917
2024-10-24,1.4966
2024-10-25,1.5003
2024-10-28,1.5031
2024-10-29,1.5023
2024-10-30,1.5098
2024-10-31,1.5122
2024-11-01,1.5122
2024-11-04,1.5132
2024-11-05,1.5124
2024-11-06,1.4953
2024-11-07,1.4971
2024-11-08,1.4926
2024-11-12,1.4798
2024-11-13,1.4794
2024-11-14,1.48
2024-11-15,1.4847
2024-11-18,1.4855
2024-11-19,1.4799
2024-11-20,1.4741
2024-11-21,1.4658
2024-11-22,1.4558
2024-11-25,1.468
2024-11-26,1.4761
2024-11-27,1.4827
2024-11-28,1.4782
2024-11-29,1.4799
2024-12-02,1.4745
2024-12-03,1.4782
2024-12-04,1.4791
2024-12-05,1.4838
2024-12-06,1.4935
2024-12-09,1.4934
2024-12-10,1.4902
2024-12-11,1.486
2024-12-12,1.4882
2024-12-13,1.4938
2024-12-16,1.4958
2024-12-17,1.5018
2024-12-18,1.5003
2024-12-19,1.4916
2024-12-20,1.4968
2024-12-23,1.4974
2024-12-24,1.4958
2024-12-27,1.5031
2024-12-30,1.4953
2024-12-31,1.4928
2025-01-02,1.4816
2025-01-03,1.487
2025-01-06,1.4909
2025-01-07,1.4871
2025-01-08,1.4829
2025-01-09,1.4829
2025-01-10,1.4779
2025-01-13,1.4714
2025-01-14,1.4778
2025-01-15,1.4767
2025-01-16,1.4812
2025-01-17,1.485
2025-01-20,1.4896
2025-01-21,1.4951
2025-01-22,1.4973
2025-01-23,1.4968
2025-01-24,1.5048
2025-01-27,1.5098
2025-01-28,1.5013
2025-01-29,1.5027
2025-01-30,1.5027
2025-01-31,1.5042
2025-02-03,1.5018
2025-02-04,1.4876
2025-02-05,1.4889
2025-02-06,1.4859
2025-02-07,1.4792
2025-02-10,1.477
2025-02-11,1.4797
2025-02-12,1.4837
2025-02-13,1.4843
2025-02-14,1.4873
2025-02-18,1.4831
2025-02-19,1.4824
2025-02-20,1.4864
2025-02-21,1.4865
2025-02-24,1.4897
2025-02-25,1.5007
2025-02-26,1.5047
2025-02-27,1.5026
2025-02-28,1.5007
2025-03-03,1.5128
2025-03-04,1.5292
2025-03-05,1.5467
2025-03-06,1.5467
2025-03-07,1.5591
2025-03-10,1.5637
2025-03-11,1.5785
2025-03-12,1.5687
2025-03-13,1.5642
2025-03-14,1.5659
2025-03-17,1.5612
2025-03-18,1.5629
2025-03-19,1.5603
2025-03-20,1.5554
2025-03-21,1.5533
2025-03-24,1.5469
2025-03-25,1.5456
2025-03-26,1.5373
2025-03-27,1.5444
2025-03-28,1.5474
2025-03-31,1.554
2025-04-01,1.5488
2025-04-02,1.5525
2025-04-03,1.5561
2025-04-04,1.5617
2025-04-07,1.5561
2025-04-08,1.5523
2025-04-09,1.5595
2025-04-10,1.565
2025-04-11,1.5744
2025-04-14,1.5755
2025-04-15,1.574
2025-04-16,1.5798
2025-04-17,1.5743
2025-04-21,1.5911
2025-04-22,1.584
2025-04-23,1.5752
2025-04-24,1.5776
2025-04-25,1.5758
2025-04-28,1.5773
2025-04-29,1.5778
2025-04-30,1.5687
2025-05-01,1.5625
2025-05-02,1.5634
2025-05-05,1.5644
2025-05-06,1.5646
2025-05-07,1.5657
2025-05-08,1.5658
2025-05-09,1.5685
2025-05-12,1.554
2025-05-13,1.5591
2025-05-14,1.564
2025-05-15,1.5644
2025-05-16,1.5604
2025-05-20,1.5687
2025-05-21,1.5699
2025-05-22,1.565
2025-05-23,1.5607
2025-05-26,1.5626
2025-05-27,1.5626
2025-05-28,1.5623
2025-05-29,1.5682
2025-05-30,1.5613
2025-06-02,1.5663
2025-06-03,1.5615
2025-06-04,1.5616
2025-06-05,1.5636
2025-06-06,1.5601
2025-06-09,1.5621
2025-06-10,1.5637
2025-06-11,1.5688
2025-06-12,1.5767
2025-06-13,1.5692
2025-06-16,1.5704
2025-06-17,1.5673
2025-06-18,1.5727
2025-06-19,1.5747
2025-06-20,1.5819
2025-06-23,1.5862
2025-06-24,1.5926
2025-06-25,1.5971
2025-06-26,1.5979
2025-06-27,1.5971
2025-06-30,1.603
2025-07-02,1.6048
2025-07-03,1.5958
2025-07-04,1.6022
2025-07-07,1.6009
2025-07-08,1.6018
2025-07-09,1.6037
2025-07-10,1.5998
2025-07-11,1.5999
2025-07-14,1.5987
2025-07-15,1.5932
2025-07-16,1.5934
2025-07-17,1.5938
2025-07-18,1.597
2025-07-21,1.6004
2025-07-22,1.5991
2025-07-23,1.5985
2025-07-24,1.6036
2025-07-25,1.6076
2025-07-28,1.5943
2025-07-29,1.5891
2025-07-30,1.5843
2025-07-31,1.582
2025-08-01,1.5922
2025-08-05,1.5942
2025-08-06,1.5999
2025-08-07,1.6004
2025-08-08,1.6026
2025-08-11,1.6003
2025-08-12,1.6063
2025-08-13,1.6118
2025-08-14,1.6084
2025-08-15,1.6156
2025-08-18,1.6112
2025-08-19,1.6154
2025-08-20,1.6167
2025-08-21,1.6147
2025-08-22,1.62
2025-08-25,1.6141
2025-08-26,1.6119
2025-08-27,1.605
2025-08-28,1.6065
2025-08-29,1.6062
2025-09-02,1.6057
2025-09-03,1.6089
2025-09-04,1.6101
2025-09-05,1.6224
2025-09-08,1.623
2025-09-09,1.6217
2025-09-10,1.6224
2025-09-11,1.6239
2025-09-12,1.6237
2025-09-15,1.624
2025-09-16,1.6286
2025-09-17,1.6305
2025-09-18,1.6259
2025-09-19,1.6199
2025-09-22,1.628
2025-09-23,1.6325
2025-09-24,1.6309
2025-09-25,1.6263
2025-09-26,1.6301
2025-09-29,1.6331
2025-10-01,1.6362
2025-10-02,1.6364
2025-10-03,1.638
2025-10-06,1.6333
2025-10-07,1.6274
2025-10-08,1.6211
2025-10-09,1.6204
2025-10-10,1.6232
2025-10-14,1.6282
2025-10-15,1.6334
2025-10-16,1.6399
2025-10-17,1.6381
2025-10-20,1.6354
2025-10-21,1.6277
2025-10-22,1.6243
2025-10-23,1.6244
2025-10-24,1.6295
2025-10-27,1.629
2025-10-28,1.627
2025-10-29,1.6194
2025-10-30,1.6182
2025-10-31,1.6169
2025-11-03,1.6194
2025-11-04,1.6183
2025-11-05,1.6214
2025-11-06,1.6289
2025-11-07,1.6275
2025-11-10,1.6207
2025-11-12,1.6224
2025-11-13,1.6312
2025-11-14,1.63
2025-11-17,1.627
2025-11-18,1.6219
2025-11-19,1.6206
2025-11-20,1.6237
2025-11-21,1.6229
2025-11-24,1.6262
2025-11-25,1.6317
2025-11-26,1.6289
2025-11-27,1.6272
2025-11-28,1.6205
2025-12-01,1.625
2025-12-02,1.624
2025-12-03,1.6274
2025-12-04,1.6267
2025-12-05,1.6139
2025-12-08,1.6101
2025-12-09,1.61
2025-12-10,1.6123
2025-12-11,1.6179
2025-12-12,1.6162
2025-12-15,1.6182
2025-12-16,1.6179
2025-12-17,1.6185
2025-12-18,1.6155
2025-12-19,1.6152
2025-12-22,1.6161
2025-12-23,1.6144
2025-12-24,1.6111
2025-12-29,1.6102
2025-12-30,1.6097
2025-12-31,1.6089
2026-01-02,1.611
2026-01-05,1.6116
2026-01-06,1.6127
2026-01-07,1.6156
2026-01-08,1.6163
2026-01-09,1.617
2026-01-12,1.6201
2026-01-13,1.6179
2026-01-14,1.6165
2026-01-15,1.6135
2026-01-16,1.6144
2026-01-19,1.6146
2026-01-20,1.6218
2026-01-21,1.6172
2026-01-22,1.6192
2026-01-23,1.6166
2026-01-26,1.6272
2026-01-27,1.6296
2026-01-28,1.6207
2026-01-29,1.6154
2026-01-30,1.612
2026-02-02,1.6139
2026-02-03,1.6121
2026-02-04,1.6136
2026-02-05,1.6135
2026-02-06,1.6126
2026-02-09,1.6168
2026-02-10,1.612
2026-02-11,1.6121
2026-02-12,1.6153
2026-02-13,1.6159
2026-02-17,1.616
2026-02-18,1.6151
2026-02-19,1.6112
2026-02-20,1.6124
2026-02-23,1.6148
2026-02-24,1.6147
2026-02-25,1.6147
2026-02-26,1.6145
2026-02-27,1.6116
2026-03-02,1.6013
2026-03-03,1.5869
2026-03-04,1.5896
2026-03-05,1.585
2026-03-06,1.5779
2026-03-09,1.5719
2026-03-10,1.5789
2026-03-11,1.5732
2026-03-12,1.5693
2026-03-13,1.5709
2026-03-16,1.5721
2026-03-17,1.5798
2026-03-18,1.5774
2026-03-19,1.5826
2026-03-20,1.5852
2026-03-23,1.5915
2026-03-24,1.5939
2026-03-25,1.5977
2026-03-26,1.597
2026-03-27,1.5983
2026-03-30,1.5964
2026-03-31,1.6072
2026-04-01,1.6116
2026-04-02,1.6058
2026-04-06,1.6069
2026-04-07,1.6094
2026-04-08,1.6185
2026-04-09,1.6168
2026-04-10,1.6211
2026-04-13,1.6188
2026-04-14,1.6229
2026-04-15,1.6215
2026-04-16,1.6148
2026-04-17,1.6137
2026-04-20,1.6089
2026-04-21,1.6044
2026-04-22,1.6012
2026-04-23,1.6008
2026-04-24,1.602
2026-04-27,1.5975
2026-04-28,1.6009
2026-04-29,1.5991
2026-04-30,1.5966
2026-05-01,1.5949
2026-05-04,1.5925
2026-05-05,1.5932
2026-05-06,1.6013
2026-05-07,1.6037
2026-05-08,1.6116
2026-05-11,1.6097
2026-05-12,1.6089
2026-05-13,1.6045
2026-05-14,1.6036
2026-05-15,1.5989
2026-05-19,1.5968
2026-05-20,1.5975
2026-05-21,1.599
2026-05-22,1.6027
2026-05-25,1.6072
2026-05-26,1.6059
2026-05-27,1.6093
2026-05-28,1.6082
2026-05-29,1.609
2026-06-01,1.609
2026-06-02,1.6097
2026-06-03,1.6107
2026-06-04,1.6156
2026-06-05,1.6082
