date,CAD_per_GBP
2017-01-03,1.6459
2017-01-04,1.6377
2017-01-05,1.64
2017-01-06,1.6275
2017-01-09,1.6084
2017-01-10,1.6075
2017-01-11,1.6056
2017-01-12,1.6024
2017-01-13,1.5996
2017-01-16,1.5865
2017-01-17,1.616
2017-01-18,1.6192
2017-01-19,1.6399
2017-01-20,1.6453
2017-01-23,1.6584
2017-01-24,1.6465
2017-01-25,1.6495
2017-01-26,1.6492
2017-01-27,1.6469
2017-01-30,1.6388
2017-01-31,1.6357
2017-02-01,1.6531
2017-02-02,1.6329
2017-02-03,1.6263
2017-02-06,1.632
2017-02-07,1.6401
2017-02-08,1.6479
2017-02-09,1.6444
2017-02-10,1.6327
2017-02-13,1.6366
2017-02-14,1.6294
2017-02-15,1.628
2017-02-16,1.6304
2017-02-17,1.6282
2017-02-21,1.6372
2017-02-22,1.6412
2017-02-23,1.6426
2017-02-24,1.6356
2017-02-27,1.6324
2017-02-28,1.6459
2017-03-01,1.6414
2017-03-02,1.6424
2017-03-03,1.6427
2017-03-06,1.6417
2017-03-07,1.6366
2017-03-08,1.639
2017-03-09,1.6448
2017-03-10,1.6381
2017-03-13,1.6444
2017-03-14,1.6387
2017-03-15,1.6414
2017-03-16,1.6458
2017-03-17,1.6509
2017-03-20,1.652
2017-03-21,1.661
2017-03-22,1.6654
2017-03-23,1.6689
2017-03-24,1.6701
2017-03-27,1.6823
2017-03-28,1.6723
2017-03-29,1.6601
2017-03-30,1.6607
2017-03-31,1.665
2017-04-03,1.6708
2017-04-04,1.6704
2017-04-05,1.6733
2017-04-06,1.6737
2017-04-07,1.6599
2017-04-10,1.6572
2017-04-11,1.6624
2017-04-12,1.6627
2017-04-13,1.6619
2017-04-17,1.6711
2017-04-18,1.7085
2017-04-19,1.7236
2017-04-20,1.7277
2017-04-21,1.7276
2017-04-24,1.7251
2017-04-25,1.7435
2017-04-26,1.7446
2017-04-27,1.7571
2017-04-28,1.7679
2017-05-01,1.7644
2017-05-02,1.7728
2017-05-03,1.7701
2017-05-04,1.7743
2017-05-05,1.7767
2017-05-08,1.7738
2017-05-09,1.7751
2017-05-10,1.7692
2017-05-11,1.7651
2017-05-12,1.7661
2017-05-15,1.7606
2017-05-16,1.7551
2017-05-17,1.7638
2017-05-18,1.7678
2017-05-19,1.7641
2017-05-23,1.7511
2017-05-24,1.7428
2017-05-25,1.7422
2017-05-26,1.7231
2017-05-29,1.7266
2017-05-30,1.7319
2017-05-31,1.7387
2017-06-01,1.7392
2017-06-02,1.739
2017-06-05,1.7416
2017-06-06,1.7354
2017-06-07,1.7461
2017-06-08,1.7463
2017-06-09,1.7126
2017-06-12,1.6982
2017-06-13,1.6864
2017-06-14,1.6883
2017-06-15,1.6942
2017-06-16,1.6914
2017-06-19,1.6853
2017-06-20,1.6756
2017-06-21,1.6864
2017-06-22,1.6772
2017-06-23,1.6884
2017-06-26,1.6848
2017-06-27,1.6859
2017-06-28,1.6867
2017-06-29,1.6903
2017-06-30,1.6862
2017-07-04,1.6725
2017-07-05,1.6774
2017-07-06,1.6773
2017-07-07,1.6603
2017-07-10,1.6598
2017-07-11,1.661
2017-07-12,1.6487
2017-07-13,1.6482
2017-07-14,1.6553
2017-07-17,1.6548
2017-07-18,1.6459
2017-07-19,1.6411
2017-07-20,1.6325
2017-07-21,1.6298
2017-07-24,1.6303
2017-07-25,1.6319
2017-07-26,1.6331
2017-07-27,1.6392
2017-07-28,1.6328
2017-07-31,1.6438
2017-08-01,1.6539
2017-08-02,1.6619
2017-08-03,1.6519
2017-08-04,1.6495
2017-08-08,1.6458
2017-08-09,1.6509
2017-08-10,1.6506
2017-08-11,1.6484
2017-08-14,1.6483
2017-08-15,1.6407
2017-08-16,1.6337
2017-08-17,1.629
2017-08-18,1.6197
2017-08-21,1.6222
2017-08-22,1.6102
2017-08-23,1.6078
2017-08-24,1.6047
2017-08-25,1.6072
2017-08-28,1.6135
2017-08-29,1.619
2017-08-30,1.6287
2017-08-31,1.6161
2017-09-01,1.606
2017-09-05,1.6094
2017-09-06,1.6008
2017-09-07,1.5899
2017-09-08,1.6014
2017-09-11,1.5988
2017-09-12,1.614
2017-09-13,1.6119
2017-09-14,1.632
2017-09-15,1.6541
2017-09-18,1.654
2017-09-19,1.6588
2017-09-20,1.6623
2017-09-21,1.6715
2017-09-22,1.667
2017-09-25,1.664
2017-09-26,1.662
2017-09-27,1.6631
2017-09-28,1.6728
2017-09-29,1.6716
2017-10-02,1.6601
2017-10-03,1.6557
2017-10-04,1.6553
2017-10-05,1.6476
2017-10-06,1.6383
2017-10-10,1.6504
2017-10-11,1.6506
2017-10-12,1.6471
2017-10-13,1.6606
2017-10-16,1.6627
2017-10-17,1.6538
2017-10-18,1.6459
2017-10-19,1.6435
2017-10-20,1.6615
2017-10-23,1.6683
2017-10-24,1.664
2017-10-25,1.6924
2017-10-26,1.6908
2017-10-27,1.6878
2017-10-30,1.6938
2017-10-31,1.7095
2017-11-01,1.71
2017-11-02,1.6777
2017-11-03,1.6693
2017-11-06,1.6745
2017-11-07,1.6806
2017-11-08,1.6681
2017-11-09,1.6666
2017-11-10,1.6745
2017-11-14,1.673
2017-11-15,1.682
2017-11-16,1.6813
2017-11-17,1.6882
2017-11-20,1.6939
2017-11-21,1.6918
2017-11-22,1.6914
2017-11-23,1.6919
2017-11-24,1.6947
2017-11-27,1.6989
2017-11-28,1.7028
2017-11-29,1.7245
2017-11-30,1.7404
2017-12-01,1.7166
2017-12-04,1.7115
2017-12-05,1.7039
2017-12-06,1.7068
2017-12-07,1.7245
2017-12-08,1.7229
2017-12-11,1.7165
2017-12-12,1.7151
2017-12-13,1.7181
2017-12-14,1.7193
2017-12-15,1.7102
2017-12-18,1.7231
2017-12-19,1.7222
2017-12-20,1.7211
2017-12-21,1.7021
2017-12-22,1.7067
2017-12-27,1.6946
2017-12-28,1.6925
2017-12-29,1.6961
2018-01-02,1.6995
2018-01-03,1.6951
2018-01-04,1.6952
2018-01-05,1.6822
2018-01-08,1.6843
2018-01-09,1.6843
2018-01-10,1.6893
2018-01-11,1.6963
2018-01-12,1.712
2018-01-15,1.7141
2018-01-16,1.7108
2018-01-17,1.7199
2018-01-18,1.7277
2018-01-19,1.7274
2018-01-22,1.7377
2018-01-23,1.7414
2018-01-24,1.7531
2018-01-25,1.7558
2018-01-26,1.7482
2018-01-29,1.7352
2018-01-30,1.7427
2018-01-31,1.7433
2018-02-01,1.7497
2018-02-02,1.7511
2018-02-05,1.7495
2018-02-06,1.7447
2018-02-07,1.7424
2018-02-08,1.7573
2018-02-09,1.7408
2018-02-12,1.742
2018-02-13,1.7492
2018-02-14,1.7511
2018-02-15,1.7599
2018-02-16,1.7598
2018-02-20,1.7666
2018-02-21,1.7676
2018-02-22,1.7722
2018-02-23,1.7706
2018-02-26,1.7719
2018-02-27,1.7724
2018-02-28,1.7667
2018-03-01,1.7666
2018-03-02,1.7761
2018-03-05,1.7953
2018-03-06,1.7919
2018-03-07,1.798
2018-03-08,1.7884
2018-03-09,1.7788
2018-03-12,1.7827
2018-03-13,1.8031
2018-03-14,1.8074
2018-03-15,1.818
2018-03-16,1.8237
2018-03-19,1.8371
2018-03-20,1.8312
2018-03-21,1.8244
2018-03-22,1.8217
2018-03-23,1.8188
2018-03-26,1.8327
2018-03-27,1.8203
2018-03-28,1.8196
2018-03-29,1.8106
2018-04-02,1.8132
2018-04-03,1.8008
2018-04-04,1.8026
2018-04-05,1.7891
2018-04-06,1.7967
2018-04-09,1.7993
2018-04-10,1.788
2018-04-11,1.7855
2018-04-12,1.7911
2018-04-13,1.7953
2018-04-16,1.8018
2018-04-17,1.7954
2018-04-18,1.7936
2018-04-19,1.7908
2018-04-20,1.7857
2018-04-23,1.7899
2018-04-24,1.7922
2018-04-25,1.7938
2018-04-26,1.7931
2018-04-27,1.7717
2018-04-30,1.7656
2018-05-01,1.7532
2018-05-02,1.7493
2018-05-03,1.7461
2018-05-04,1.7408
2018-05-07,1.7439
2018-05-08,1.7531
2018-05-09,1.7445
2018-05-10,1.7257
2018-05-11,1.7323
2018-05-14,1.735
2018-05-15,1.7383
2018-05-16,1.7277
2018-05-17,1.7293
2018-05-18,1.7359
2018-05-22,1.7178
2018-05-23,1.7176
2018-05-24,1.726
2018-05-25,1.7281
2018-05-28,1.7303
2018-05-29,1.7264
2018-05-30,1.7135
2018-05-31,1.7222
2018-06-01,1.7292
2018-06-04,1.724
2018-06-05,1.7375
2018-06-06,1.7327
2018-06-07,1.7405
2018-06-08,1.7368
2018-06-11,1.7386
2018-06-12,1.7398
2018-06-13,1.7356
2018-06-14,1.7379
2018-06-15,1.7499
2018-06-18,1.7492
2018-06-19,1.7488
2018-06-20,1.7541
2018-06-21,1.7632
2018-06-22,1.7657
2018-06-25,1.766
2018-06-26,1.7607
2018-06-27,1.7493
2018-06-28,1.7359
2018-06-29,1.7357
2018-07-03,1.7337
2018-07-04,1.738
2018-07-05,1.7366
2018-07-06,1.7383
2018-07-09,1.7379
2018-07-10,1.7412
2018-07-11,1.7405
2018-07-12,1.7405
2018-07-13,1.7387
2018-07-16,1.7398
2018-07-17,1.734
2018-07-18,1.7235
2018-07-19,1.723
2018-07-20,1.723
2018-07-23,1.725
2018-07-24,1.7285
2018-07-25,1.7223
2018-07-26,1.7161
2018-07-27,1.7126
2018-07-30,1.7104
2018-07-31,1.7089
2018-08-01,1.7064
2018-08-02,1.6962
2018-08-03,1.6895
2018-08-07,1.6861
2018-08-08,1.681
2018-08-09,1.6776
2018-08-10,1.6734
2018-08-13,1.6766
2018-08-14,1.6673
2018-08-15,1.6674
2018-08-16,1.6722
2018-08-17,1.6656
2018-08-20,1.669
2018-08-21,1.6779
2018-08-22,1.681
2018-08-23,1.6765
2018-08-24,1.6755
2018-08-27,1.6737
2018-08-28,1.6652
2018-08-29,1.6775
2018-08-30,1.6885
2018-08-31,1.6931
2018-09-04,1.6929
2018-09-05,1.702
2018-09-06,1.7063
2018-09-07,1.7038
2018-09-10,1.7137
2018-09-11,1.7089
2018-09-12,1.6963
2018-09-13,1.7028
2018-09-14,1.7047
2018-09-17,1.7122
2018-09-18,1.708
2018-09-19,1.702
2018-09-20,1.7114
2018-09-21,1.6904
2018-09-24,1.6986
2018-09-25,1.7048
2018-09-26,1.7094
2018-09-27,1.7101
2018-09-28,1.6875
2018-10-01,1.6703
2018-10-02,1.6633
2018-10-03,1.667
2018-10-04,1.679
2018-10-05,1.6935
2018-10-09,1.6997
2018-10-10,1.7141
2018-10-11,1.7235
2018-10-12,1.7158
2018-10-15,1.7091
2018-10-16,1.7081
2018-10-17,1.7058
2018-10-18,1.7053
2018-10-19,1.7102
2018-10-22,1.7003
2018-10-23,1.702
2018-10-24,1.6807
2018-10-25,1.6784
2018-10-26,1.6806
2018-10-29,1.6805
2018-10-30,1.672
2018-10-31,1.6775
2018-11-01,1.697
2018-11-02,1.7006
2018-11-05,1.7059
2018-11-06,1.7181
2018-11-07,1.7214
2018-11-08,1.7174
2018-11-09,1.7167
2018-11-13,1.7179
2018-11-14,1.7184
2018-11-15,1.6867
2018-11-16,1.689
2018-11-19,1.6943
2018-11-20,1.6985
2018-11-21,1.6969
2018-11-22,1.7001
2018-11-23,1.6953
2018-11-26,1.697
2018-11-27,1.6935
2018-11-28,1.7026
2018-11-29,1.6963
2018-11-30,1.6964
2018-12-03,1.6792
2018-12-04,1.6834
2018-12-05,1.7019
2018-12-06,1.7131
2018-12-07,1.695
2018-12-10,1.6833
2018-12-11,1.6814
2018-12-12,1.6862
2018-12-13,1.6894
2018-12-14,1.6812
2018-12-17,1.6905
2018-12-18,1.7018
2018-12-19,1.7008
2018-12-20,1.7093
2018-12-21,1.7158
2018-12-24,1.7266
2018-12-27,1.7245
2018-12-28,1.7308
2018-12-31,1.7439
2019-01-02,1.7143
2019-01-03,1.7032
2019-01-04,1.7034
2019-01-07,1.6998
2019-01-08,1.6916
2019-01-09,1.6883
2019-01-10,1.6882
2019-01-11,1.7011
2019-01-14,1.7075
2019-01-15,1.6969
2019-01-16,1.7046
2019-01-17,1.7206
2019-01-18,1.7102
2019-01-21,1.7132
2019-01-22,1.7273
2019-01-23,1.7433
2019-01-24,1.7408
2019-01-25,1.7444
2019-01-28,1.7451
2019-01-29,1.7443
2019-01-30,1.7255
2019-01-31,1.7244
2019-02-01,1.7128
2019-02-04,1.7136
2019-02-05,1.702
2019-02-06,1.7083
2019-02-07,1.7224
2019-02-08,1.7175
2019-02-11,1.7107
2019-02-12,1.7077
2019-02-13,1.7044
2019-02-14,1.7017
2019-02-15,1.7051
2019-02-19,1.7242
2019-02-20,1.7198
2019-02-21,1.7222
2019-02-22,1.7183
2019-02-25,1.723
2019-02-26,1.7455
2019-02-27,1.7501
2019-02-28,1.7484
2019-03-01,1.7533
2019-03-04,1.7558
2019-03-05,1.7541
2019-03-06,1.7657
2019-03-07,1.7607
2019-03-08,1.7484
2019-03-11,1.7572
2019-03-12,1.7516
2019-03-13,1.7589
2019-03-14,1.7664
2019-03-15,1.7713
2019-03-18,1.7664
2019-03-19,1.7639
2019-03-20,1.7573
2019-03-21,1.75
2019-03-22,1.7688
2019-03-25,1.7716
2019-03-26,1.7701
2019-03-27,1.7743
2019-03-28,1.7567
2019-03-29,1.7418
2019-04-01,1.75
2019-04-02,1.7436
2019-04-03,1.7533
2019-04-04,1.7483
2019-04-05,1.7439
2019-04-08,1.7398
2019-04-09,1.7376
2019-04-10,1.7444
2019-04-11,1.7485
2019-04-12,1.7455
2019-04-15,1.7498
2019-04-16,1.7446
2019-04-17,1.7385
2019-04-18,1.7395
2019-04-22,1.7337
2019-04-23,1.7379
2019-04-24,1.7428
2019-04-25,1.74
2019-04-26,1.7396
2019-04-29,1.7391
2019-04-30,1.7493
2019-05-01,1.754
2019-05-02,1.7543
2019-05-03,1.7611
2019-05-06,1.7622
2019-05-07,1.7593
2019-05-08,1.7515
2019-05-09,1.7545
2019-05-10,1.7474
2019-05-13,1.7472
2019-05-14,1.7397
2019-05-15,1.7293
2019-05-16,1.72
2019-05-17,1.7153
2019-05-21,1.7071
2019-05-22,1.6982
2019-05-23,1.706
2019-05-24,1.7073
2019-05-27,1.7042
2019-05-28,1.7072
2019-05-29,1.7074
2019-05-30,1.7029
2019-05-31,1.7065
2019-06-03,1.7029
2019-06-04,1.702
2019-06-05,1.7032
2019-06-06,1.7002
2019-06-07,1.6927
2019-06-10,1.6827
2019-06-11,1.6887
2019-06-12,1.6911
2019-06-13,1.6902
2019-06-14,1.6874
2019-06-17,1.6847
2019-06-18,1.6797
2019-06-19,1.6848
2019-06-20,1.6747
2019-06-21,1.678
2019-06-24,1.6798
2019-06-25,1.6746
2019-06-26,1.6659
2019-06-27,1.6629
2019-06-28,1.6624
2019-07-02,1.6539
2019-07-03,1.644
2019-07-04,1.6427
2019-07-05,1.6393
2019-07-08,1.6369
2019-07-09,1.636
2019-07-10,1.637
2019-07-11,1.6386
2019-07-12,1.6371
2019-07-15,1.6328
2019-07-16,1.6204
2019-07-17,1.6225
2019-07-18,1.6329
2019-07-19,1.6349
2019-07-22,1.6353
2019-07-23,1.6353
2019-07-24,1.6409
2019-07-25,1.6393
2019-07-26,1.6342
2019-07-29,1.6104
2019-07-30,1.6018
2019-07-31,1.6043
2019-08-01,1.6034
2019-08-02,1.6055
2019-08-06,1.6119
2019-08-07,1.6185
2019-08-08,1.6088
2019-08-09,1.5955
2019-08-12,1.5988
2019-08-13,1.5972
2019-08-14,1.6056
2019-08-15,1.6145
2019-08-16,1.6146
2019-08-19,1.6133
2019-08-20,1.6179
2019-08-21,1.6112
2019-08-22,1.6274
2019-08-23,1.6318
2019-08-26,1.6237
2019-08-27,1.63
2019-08-28,1.6255
2019-08-29,1.6215
2019-08-30,1.6185
2019-09-03,1.6107
2019-09-04,1.6181
2019-09-05,1.6307
2019-09-06,1.6209
2019-09-09,1.6253
2019-09-10,1.6249
2019-09-11,1.6252
2019-09-12,1.6292
2019-09-13,1.6521
2019-09-16,1.6466
2019-09-17,1.6542
2019-09-18,1.656
2019-09-19,1.6576
2019-09-20,1.6573
2019-09-23,1.6491
2019-09-24,1.6538
2019-09-25,1.6411
2019-09-26,1.6368
2019-09-27,1.6307
2019-09-30,1.629
2019-10-01,1.6242
2019-10-02,1.6348
2019-10-03,1.6494
2019-10-04,1.6401
2019-10-07,1.6385
2019-10-08,1.627
2019-10-09,1.6276
2019-10-10,1.6409
2019-10-11,1.671
2019-10-15,1.681
2019-10-16,1.6931
2019-10-17,1.6883
2019-10-18,1.6956
2019-10-21,1.7001
2019-10-22,1.6927
2019-10-23,1.6865
2019-10-24,1.6811
2019-10-25,1.6753
2019-10-28,1.6786
2019-10-29,1.6827
2019-10-30,1.6937
2019-10-31,1.7034
2019-11-01,1.7032
2019-11-04,1.6962
2019-11-05,1.6943
2019-11-06,1.6957
2019-11-07,1.6891
2019-11-08,1.6915
2019-11-12,1.6999
2019-11-13,1.701
2019-11-14,1.7057
2019-11-15,1.7069
2019-11-18,1.7127
2019-11-19,1.7116
2019-11-20,1.7183
2019-11-21,1.7164
2019-11-22,1.706
2019-11-25,1.7155
2019-11-26,1.7085
2019-11-27,1.7115
2019-11-28,1.7151
2019-11-29,1.7172
2019-12-02,1.7201
2019-12-03,1.729
2019-12-04,1.7317
2019-12-05,1.7325
2019-12-06,1.7401
2019-12-09,1.7407
2019-12-10,1.7443
2019-12-11,1.7398
2019-12-12,1.7313
2019-12-13,1.7584
2019-12-16,1.7531
2019-12-17,1.7287
2019-12-18,1.7158
2019-12-19,1.7097
2019-12-20,1.7154
2019-12-23,1.7017
2019-12-24,1.7046
2019-12-27,1.7124
2019-12-30,1.7142
2019-12-31,1.7174
2020-01-02,1.7085
2020-01-03,1.6993
2020-01-06,1.7064
2020-01-07,1.707
2020-01-08,1.7073
2020-01-09,1.7075
2020-01-10,1.7048
2020-01-13,1.6949
2020-01-14,1.6995
2020-01-15,1.6996
2020-01-16,1.7041
2020-01-17,1.7017
2020-01-20,1.6968
2020-01-21,1.7058
2020-01-22,1.7225
2020-01-23,1.7234
2020-01-24,1.7189
2020-01-27,1.7211
2020-01-28,1.7132
2020-01-29,1.7166
2020-01-30,1.7303
2020-01-31,1.7435
2020-02-03,1.7274
2020-02-04,1.7302
2020-02-05,1.7272
2020-02-06,1.7198
2020-02-07,1.7183
2020-02-10,1.7213
2020-02-11,1.7215
2020-02-12,1.7187
2020-02-13,1.7296
2020-02-14,1.7264
2020-02-18,1.7253
2020-02-19,1.7119
2020-02-20,1.7066
2020-02-21,1.7138
2020-02-24,1.7159
2020-02-25,1.7261
2020-02-26,1.7191
2020-02-27,1.7216
2020-02-28,1.719
2020-03-02,1.7069
2020-03-03,1.7112
2020-03-04,1.7192
2020-03-05,1.7348
2020-03-06,1.7466
2020-03-09,1.7835
2020-03-10,1.7802
2020-03-11,1.7719
2020-03-12,1.7426
2020-03-13,1.726
2020-03-16,1.7124
2020-03-17,1.7116
2020-03-18,1.6991
2020-03-19,1.6845
2020-03-20,1.681
2020-03-23,1.6733
2020-03-24,1.7017
2020-03-25,1.6883
2020-03-26,1.7009
2020-03-27,1.7353
2020-03-30,1.7548
2020-03-31,1.7604
2020-04-01,1.7622
2020-04-02,1.7562
2020-04-03,1.7331
2020-04-06,1.7363
2020-04-07,1.7263
2020-04-08,1.7389
2020-04-09,1.7419
2020-04-13,1.7433
2020-04-14,1.7524
2020-04-15,1.7624
2020-04-16,1.7597
2020-04-17,1.7539
2020-04-20,1.7539
2020-04-21,1.7451
2020-04-22,1.745
2020-04-23,1.7377
2020-04-24,1.7393
2020-04-27,1.7452
2020-04-28,1.74
2020-04-29,1.7315
2020-04-30,1.7476
2020-05-01,1.7602
2020-05-04,1.7511
2020-05-05,1.7472
2020-05-06,1.7458
2020-05-07,1.729
2020-05-08,1.7291
2020-05-11,1.7282
2020-05-12,1.7253
2020-05-13,1.7237
2020-05-14,1.7186
2020-05-15,1.7105
2020-05-19,1.7025
2020-05-20,1.7019
2020-05-21,1.7043
2020-05-22,1.7067
2020-05-25,1.705
2020-05-26,1.7033
2020-05-27,1.6882
2020-05-28,1.6951
2020-05-29,1.7003
2020-06-01,1.6978
2020-06-02,1.6954
2020-06-03,1.6995
2020-06-04,1.7003
2020-06-05,1.7031
2020-06-08,1.699
2020-06-09,1.7072
2020-06-10,1.7093
2020-06-11,1.7118
2020-06-12,1.7043
2020-06-15,1.7091
2020-06-16,1.7084
2020-06-17,1.7001
2020-06-18,1.6889
2020-06-19,1.6807
2020-06-22,1.6857
2020-06-23,1.6912
2020-06-24,1.6918
2020-06-25,1.6938
2020-06-26,1.6888
2020-06-29,1.6815
2020-06-30,1.6832
2020-07-02,1.6952
2020-07-03,1.691
2020-07-06,1.6925
2020-07-07,1.7058
2020-07-08,1.7044
2020-07-09,1.7118
2020-07-10,1.7173
2020-07-13,1.7098
2020-07-14,1.7072
2020-07-15,1.7056
2020-07-16,1.7031
2020-07-17,1.7033
2020-07-20,1.7127
2020-07-21,1.7121
2020-07-22,1.7078
2020-07-23,1.7045
2020-07-24,1.7153
2020-07-27,1.722
2020-07-28,1.7288
2020-07-29,1.734
2020-07-30,1.7537
2020-07-31,1.7591
2020-08-04,1.7442
2020-08-05,1.7417
2020-08-06,1.7481
2020-08-07,1.7459
2020-08-10,1.7462
2020-08-11,1.7396
2020-08-12,1.7278
2020-08-13,1.729
2020-08-14,1.7363
2020-08-17,1.7299
2020-08-18,1.7418
2020-08-19,1.7349
2020-08-20,1.7373
2020-08-21,1.7286
2020-08-24,1.7275
2020-08-25,1.7331
2020-08-26,1.7349
2020-08-27,1.7335
2020-08-28,1.7449
2020-08-31,1.7422
2020-09-01,1.7513
2020-09-02,1.7409
2020-09-03,1.7416
2020-09-04,1.7331
2020-09-08,1.718
2020-09-09,1.711
2020-09-10,1.6936
2020-09-11,1.6874
2020-09-14,1.6961
2020-09-15,1.6976
2020-09-16,1.7089
2020-09-17,1.7073
2020-09-18,1.7071
2020-09-21,1.7026
2020-09-22,1.6969
2020-09-23,1.702
2020-09-24,1.7046
2020-09-25,1.7038
2020-09-28,1.7198
2020-09-29,1.7214
2020-09-30,1.7199
2020-10-01,1.7143
2020-10-02,1.7214
2020-10-05,1.7216
2020-10-06,1.7182
2020-10-07,1.7128
2020-10-08,1.7093
2020-10-09,1.7082
2020-10-13,1.703
2020-10-14,1.7119
2020-10-15,1.7085
2020-10-16,1.7044
2020-10-19,1.7093
2020-10-20,1.7005
2020-10-21,1.7241
2020-10-22,1.7203
2020-10-23,1.7142
2020-10-26,1.7188
2020-10-27,1.7184
2020-10-28,1.7261
2020-10-29,1.725
2020-10-30,1.7254
2020-11-02,1.7111
2020-11-03,1.7131
2020-11-04,1.707
2020-11-05,1.7101
2020-11-06,1.7144
2020-11-09,1.7063
2020-11-10,1.7241
2020-11-12,1.7236
2020-11-13,1.732
2020-11-16,1.7258
2020-11-17,1.7353
2020-11-18,1.7355
2020-11-19,1.7315
2020-11-20,1.736
2020-11-23,1.7438
2020-11-24,1.7388
2020-11-25,1.7386
2020-11-26,1.7365
2020-11-27,1.7298
2020-11-30,1.7306
2020-12-01,1.7345
2020-12-02,1.7255
2020-12-03,1.735
2020-12-04,1.725
2020-12-07,1.708
2020-12-08,1.7099
2020-12-09,1.7158
2020-12-10,1.6925
2020-12-11,1.6867
2020-12-14,1.7027
2020-12-15,1.7062
2020-12-16,1.7211
2020-12-17,1.7292
2020-12-18,1.7249
2020-12-21,1.7167
2020-12-22,1.7248
2020-12-23,1.7348
2020-12-24,1.7412
2020-12-29,1.7284
2020-12-30,1.7373
2020-12-31,1.7381
2021-01-04,1.7316
2021-01-05,1.7294
2021-01-06,1.7246
2021-01-07,1.7241
2021-01-08,1.7251
2021-01-11,1.7268
2021-01-12,1.7367
2021-01-13,1.7342
2021-01-14,1.7296
2021-01-15,1.7304
2021-01-18,1.7321
2021-01-19,1.7346
2021-01-20,1.7276
2021-01-21,1.7325
2021-01-22,1.7383
2021-01-25,1.7413
2021-01-26,1.7436
2021-01-27,1.7499
2021-01-28,1.7573
2021-01-29,1.7534
2021-02-01,1.7539
2021-02-02,1.7493
2021-02-03,1.7444
2021-02-04,1.7532
2021-02-05,1.7535
2021-02-08,1.751
2021-02-09,1.7545
2021-02-10,1.7568
2021-02-11,1.753
2021-02-12,1.759
2021-02-16,1.7635
2021-02-17,1.7612
2021-02-18,1.7726
2021-02-19,1.768
2021-02-22,1.7736
2021-02-23,1.7764
2021-02-24,1.7708
2021-02-25,1.7661
2021-02-26,1.7692
2021-03-01,1.7635
2021-03-02,1.7611
2021-03-03,1.7636
2021-03-04,1.7624
2021-03-05,1.752
2021-03-08,1.751
2021-03-09,1.7556
2021-03-10,1.7577
2021-03-11,1.7551
2021-03-12,1.7373
2021-03-15,1.7342
2021-03-16,1.7298
2021-03-17,1.7324
2021-03-18,1.7355
2021-03-19,1.7344
2021-03-22,1.7334
2021-03-23,1.7308
2021-03-24,1.7223
2021-03-25,1.7304
2021-03-26,1.7345
2021-03-29,1.7367
2021-03-30,1.7337
2021-03-31,1.7337
2021-04-01,1.7364
2021-04-05,1.7405
2021-04-06,1.7375
2021-04-07,1.7354
2021-04-08,1.7292
2021-04-09,1.7216
2021-04-12,1.7257
2021-04-13,1.725
2021-04-14,1.7273
2021-04-15,1.7274
2021-04-16,1.7278
2021-04-19,1.7494
2021-04-20,1.7535
2021-04-21,1.7438
2021-04-22,1.7308
2021-04-23,1.7316
2021-04-26,1.7241
2021-04-27,1.7249
2021-04-28,1.7186
2021-04-29,1.7145
2021-04-30,1.7003
2021-05-03,1.7075
2021-05-04,1.7088
2021-05-05,1.7066
2021-05-06,1.6945
2021-05-07,1.6985
2021-05-10,1.7097
2021-05-11,1.7114
2021-05-12,1.704
2021-05-13,1.7058
2021-05-14,1.7065
2021-05-17,1.7062
2021-05-18,1.7107
2021-05-19,1.7119
2021-05-20,1.7099
2021-05-21,1.7087
2021-05-25,1.7051
2021-05-26,1.7111
2021-05-27,1.7124
2021-05-28,0
2021-06-01,1.7057
2021-06-02,1.7077
2021-06-03,1.7081
2021-06-04,1.7124
2021-06-07,1.7117
2021-06-08,1.7116
2021-06-09,1.7087
2021-06-10,1.712
2021-06-11,1.7149
2021-06-14,1.7136
2021-06-15,1.7158
2021-06-16,1.7173
2021-06-17,1.7191
2021-06-18,1.7174
2021-06-21,1.722
2021-06-22,1.7203
2021-06-23,1.717
2021-06-24,1.7141
2021-06-25,1.7088
2021-06-28,1.7134
2021-06-29,1.7138
2021-06-30,1.7126
2021-07-02,1.7047
2021-07-05,1.7096
2021-07-06,1.7188
2021-07-07,1.7215
2021-07-08,1.7269
2021-07-09,1.729
2021-07-12,1.7304
2021-07-13,1.7307
2021-07-14,1.7327
2021-07-15,1.7396
2021-07-16,1.7363
2021-07-19,1.7458
2021-07-20,1.7329
2021-07-21,1.723
2021-07-22,1.7298
2021-07-23,1.7299
2021-07-26,1.7337
2021-07-27,1.7434
2021-07-28,1.7439
2021-07-29,1.7389
2021-07-30,1.7343
2021-08-03,1.745
2021-08-04,1.7452
2021-08-05,1.7406
2021-08-06,1.742
2021-08-09,1.7414
2021-08-10,1.7359
2021-08-11,1.734
2021-08-12,1.7308
2021-08-13,1.7339
2021-08-16,1.7406
2021-08-17,1.7354
2021-08-18,1.7376
2021-08-19,1.7475
2021-08-20,1.7512
2021-08-23,1.7392
2021-08-24,1.7303
2021-08-25,1.7329
2021-08-26,1.7346
2021-08-27,1.738
2021-08-30,1.7338
2021-08-31,1.7365
2021-09-01,1.7376
2021-09-02,1.7376
2021-09-03,1.7356
2021-09-07,1.7399
2021-09-08,1.7452
2021-09-09,1.7518
2021-09-10,1.75
2021-09-13,1.7519
2021-09-14,1.7536
2021-09-15,1.7501
2021-09-16,1.7475
2021-09-17,1.7504
2021-09-20,1.7524
2021-09-21,1.7488
2021-09-22,1.7406
2021-09-23,1.7377
2021-09-24,1.7339
2021-09-27,1.7322
2021-09-28,1.7169
2021-09-29,1.7123
2021-10-01,1.7154
2021-10-04,1.7126
2021-10-05,1.7139
2021-10-06,1.712
2021-10-07,1.71
2021-10-08,1.701
2021-10-12,1.6941
2021-10-13,1.6973
2021-10-14,1.6938
2021-10-15,1.7024
2021-10-18,1.6992
2021-10-19,1.706
2021-10-20,1.7027
2021-10-21,1.7045
2021-10-22,1.7009
2021-10-25,1.7039
2021-10-26,1.7053
2021-10-27,1.6981
2021-10-28,1.7025
2021-10-29,1.6982
2021-11-01,1.6908
2021-11-02,1.6901
2021-11-03,1.696
2021-11-04,1.6821
2021-11-05,1.6785
2021-11-08,1.6876
2021-11-09,1.6873
2021-11-10,1.6767
2021-11-12,1.6849
2021-11-15,1.6811
2021-11-16,1.6857
2021-11-17,1.6975
2021-11-18,1.7016
2021-11-19,1.7004
2021-11-22,1.6999
2021-11-23,1.6992
2021-11-24,1.69
2021-11-25,1.6855
2021-11-26,1.703
2021-11-29,1.6981
2021-11-30,1.7005
2021-12-01,1.7002
2021-12-02,1.7054
2021-12-03,1.6966
2021-12-06,1.6939
2021-12-07,1.6753
2021-12-08,1.6716
2021-12-09,1.6773
2021-12-10,1.684
2021-12-13,1.6927
2021-12-14,1.6995
2021-12-15,1.7054
2021-12-16,1.7032
2021-12-17,1.7045
2021-12-20,1.7109
2021-12-21,1.7131
2021-12-22,1.7166
2021-12-23,1.7191
2021-12-24,1.7177
2021-12-29,1.7256
2021-12-30,1.7244
2021-12-31,1.7132
2022-01-04,1.7193
2022-01-05,1.7251
2022-01-06,1.7241
2022-01-07,1.7191
2022-01-10,1.7196
2022-01-11,1.7153
2022-01-12,1.713
2022-01-13,1.7133
2022-01-14,1.7161
2022-01-17,1.7089
2022-01-18,1.7022
2022-01-19,1.7027
2022-01-20,1.7002
2022-01-21,1.7011
2022-01-24,1.7047
2022-01-25,1.7037
2022-01-26,1.7021
2022-01-27,1.7012
2022-01-28,1.7116
2022-01-31,1.7092
2022-02-01,1.7146
2022-02-02,1.7206
2022-02-03,1.724
2022-02-04,1.7268
2022-02-07,1.7159
2022-02-08,1.7215
2022-02-09,1.718
2022-02-10,1.7234
2022-02-11,1.7251
2022-02-14,1.7228
2022-02-15,1.7242
2022-02-16,1.7226
2022-02-17,1.7295
2022-02-18,1.7313
2022-02-22,1.7302
2022-02-23,1.7247
2022-02-24,1.7145
2022-02-25,1.708
2022-02-28,1.7024
2022-03-01,1.6959
2022-03-02,1.6919
2022-03-03,1.6908
2022-03-04,1.6869
2022-03-07,1.6778
2022-03-08,1.687
2022-03-09,1.6886
2022-03-10,1.6765
2022-03-11,1.6616
2022-03-14,1.6664
2022-03-15,1.6715
2022-03-16,1.6664
2022-03-17,1.662
2022-03-18,1.6606
2022-03-21,1.6594
2022-03-22,1.6682
2022-03-23,1.6595
2022-03-24,1.654
2022-03-25,1.6494
2022-03-28,1.6419
2022-03-29,1.6403
2022-03-30,1.6397
2022-03-31,1.6417
2022-04-01,1.6399
2022-04-04,1.6376
2022-04-05,1.6322
2022-04-06,1.636
2022-04-07,1.6445
2022-04-08,1.6393
2022-04-11,1.6446
2022-04-12,1.6435
2022-04-13,1.6466
2022-04-14,1.6472
2022-04-18,1.6428
2022-04-19,1.6413
2022-04-20,1.6319
2022-04-21,1.634
2022-04-22,1.6325
2022-04-25,1.624
2022-04-26,1.616
2022-04-27,1.6096
2022-04-28,1.5972
2022-04-29,1.608
2022-05-02,1.6138
2022-05-03,1.6077
2022-05-04,1.6028
2022-05-05,1.5847
2022-05-06,1.59
2022-05-09,1.6004
2022-05-10,1.6031
2022-05-11,1.5967
2022-05-12,1.5914
2022-05-13,1.5828
2022-05-16,1.5819
2022-05-17,1.6012
2022-05-18,1.5908
2022-05-19,1.5992
2022-05-20,1.6005
2022-05-24,1.6059
2022-05-25,1.6096
2022-05-26,1.6093
2022-05-27,1.6078
2022-05-30,1.6016
2022-05-31,1.5937
2022-06-01,1.581
2022-06-02,1.5824
2022-06-03,1.5747
2022-06-06,1.5758
2022-06-07,1.5771
2022-06-08,1.5732
2022-06-09,1.5834
2022-06-10,1.5769
2022-06-13,1.5645
2022-06-14,1.555
2022-06-15,1.565
2022-06-16,1.5915
2022-06-17,1.5927
2022-06-20,1.5912
2022-06-21,1.5867
2022-06-22,1.5884
2022-06-23,1.59
2022-06-24,1.5879
2022-06-27,1.5827
2022-06-28,1.5696
2022-06-29,1.5624
2022-06-30,1.5668
2022-07-04,1.5595
2022-07-05,1.5571
2022-07-06,1.5543
2022-07-07,1.5583
2022-07-08,1.5584
2022-07-11,1.5468
2022-07-12,1.5471
2022-07-13,1.5448
2022-07-14,1.5513
2022-07-15,1.5453
2022-07-18,1.551
2022-07-19,1.5499
2022-07-20,1.5431
2022-07-21,1.5414
2022-07-22,1.5452
2022-07-25,1.5492
2022-07-26,1.5487
2022-07-27,1.5528
2022-07-28,1.5574
2022-07-29,1.5575
2022-08-02,1.569
2022-08-03,1.561
2022-08-04,1.56
2022-08-05,1.5606
2022-08-08,1.5554
2022-08-09,1.5572
2022-08-10,1.5641
2022-08-11,1.5581
2022-08-12,1.5507
2022-08-15,1.5589
2022-08-16,1.5544
2022-08-17,1.5566
2022-08-18,1.5488
2022-08-19,1.5358
2022-08-22,1.5353
2022-08-23,1.5336
2022-08-24,1.5305
2022-08-25,1.5293
2022-08-26,1.5311
2022-08-29,1.5238
2022-08-30,1.5256
2022-08-31,1.5241
2022-09-01,1.52
2022-09-02,1.5142
2022-09-06,1.5153
2022-09-07,1.5105
2022-09-08,1.5081
2022-09-09,1.5101
2022-09-12,1.5177
2022-09-13,1.5133
2022-09-14,1.5219
2022-09-15,1.5162
2022-09-16,1.5151
2022-09-19,1.5154
2022-09-20,1.52
2022-09-21,1.5171
2022-09-22,1.5196
2022-09-23,1.4847
2022-09-26,1.4737
2022-09-27,1.4739
2022-09-28,1.4731
2022-09-29,1.5098
2022-10-03,1.5399
2022-10-04,1.5509
2022-10-05,1.542
2022-10-06,1.5353
2022-10-07,1.5234
2022-10-11,1.5285
2022-10-12,1.5281
2022-10-13,1.5574
2022-10-14,1.5508
2022-10-17,1.5616
2022-10-18,1.5562
2022-10-19,1.5471
2022-10-20,1.5456
2022-10-21,1.5379
2022-10-24,1.5495
2022-10-25,1.5617
2022-10-26,1.5736
2022-10-27,1.5689
2022-10-28,1.5767
2022-10-31,1.5685
2022-11-01,1.5644
2022-11-02,1.5644
2022-11-03,1.5379
2022-11-04,1.5278
2022-11-07,1.5506
2022-11-08,1.5496
2022-11-09,1.5344
2022-11-10,1.5583
2022-11-14,1.5625
2022-11-15,1.58
2022-11-16,1.5823
2022-11-17,1.5778
2022-11-18,1.5924
2022-11-21,1.5882
2022-11-22,1.5914
2022-11-23,1.6109
2022-11-24,1.6169
2022-11-25,1.6168
2022-11-28,1.6169
2022-11-29,1.6262
2022-11-30,1.6193
2022-12-01,1.6454
2022-12-02,1.6503
2022-12-05,1.652
2022-12-06,1.6625
2022-12-07,1.6649
2022-12-08,1.6608
2022-12-09,1.6737
2022-12-12,1.6759
2022-12-13,1.6769
2022-12-14,1.6818
2022-12-15,1.6677
2022-12-16,1.6664
2022-12-19,1.6607
2022-12-20,1.6545
2022-12-21,1.6466
2022-12-22,1.6422
2022-12-23,1.6401
2022-12-28,1.635
2022-12-29,1.6347
2022-12-30,1.6322
2023-01-03,1.6372
2023-01-04,1.6284
2023-01-05,1.6163
2023-01-06,1.6218
2023-01-09,1.6302
2023-01-10,1.6311
2023-01-11,1.6288
2023-01-12,1.6311
2023-01-13,1.6362
2023-01-16,1.634
2023-01-17,1.6427
2023-01-18,1.662
2023-01-19,1.6661
2023-01-20,1.6613
2023-01-23,1.6546
2023-01-24,1.6467
2023-01-25,1.6564
2023-01-26,1.6536
2023-01-27,1.6485
2023-01-30,1.6518
2023-01-31,1.6446
2023-02-01,1.6421
2023-02-02,1.6331
2023-02-03,1.6196
2023-02-06,1.6172
2023-02-07,1.6134
2023-02-08,1.6219
2023-02-09,1.6313
2023-02-10,1.6136
2023-02-13,1.6178
2023-02-14,1.625
2023-02-15,1.6115
2023-02-16,1.6138
2023-02-17,1.62
2023-02-21,1.6366
2023-02-22,1.6351
2023-02-23,1.629
2023-02-24,1.6279
2023-02-27,1.6338
2023-02-28,1.6457
2023-03-01,1.6357
2023-03-02,1.6258
2023-03-03,1.6342
2023-03-06,1.6371
2023-03-07,1.6302
2023-03-08,1.6317
2023-03-09,1.6432
2023-03-10,1.6634
2023-03-13,1.6677
2023-03-14,1.6644
2023-03-15,1.6609
2023-03-16,1.6623
2023-03-17,1.6703
2023-03-20,1.6762
2023-03-21,1.6741
2023-03-22,1.6807
2023-03-23,1.6822
2023-03-24,1.6821
2023-03-27,1.6795
2023-03-28,1.6802
2023-03-29,1.6723
2023-03-30,1.6749
2023-03-31,1.6726
2023-04-03,1.6659
2023-04-04,1.68
2023-04-05,1.6776
2023-04-06,1.6776
2023-04-10,1.6733
2023-04-11,1.675
2023-04-12,1.677
2023-04-13,1.6731
2023-04-14,1.6616
2023-04-17,1.6584
2023-04-18,1.6638
2023-04-19,1.6728
2023-04-20,1.6763
2023-04-21,1.6812
2023-04-24,1.6877
2023-04-25,1.6902
2023-04-26,1.6993
2023-04-27,1.6979
2023-04-28,1.7036
2023-05-01,1.6944
2023-05-02,1.6978
2023-05-03,1.707
2023-05-04,1.7062
2023-05-05,1.6946
2023-05-08,1.6874
2023-05-09,1.6887
2023-05-10,1.6888
2023-05-11,1.6881
2023-05-12,1.688
2023-05-15,1.6886
2023-05-16,1.6811
2023-05-17,1.6803
2023-05-18,1.6758
2023-05-19,1.681
2023-05-23,1.6761
2023-05-24,1.6809
2023-05-25,1.6805
2023-05-26,1.6825
2023-05-29,1.6793
2023-05-30,1.6873
2023-05-31,1.6862
2023-06-01,1.6875
2023-06-02,1.6764
2023-06-05,1.668
2023-06-06,1.6659
2023-06-07,1.6657
2023-06-08,1.6743
2023-06-09,1.6778
2023-06-12,1.6728
2023-06-13,1.6772
2023-06-14,1.686
2023-06-15,1.6888
2023-06-16,1.6927
2023-06-19,1.6892
2023-06-20,1.6874
2023-06-21,1.6803
2023-06-22,1.6772
2023-06-23,1.6777
2023-06-26,1.6723
2023-06-27,1.6794
2023-06-28,1.6755
2023-06-29,1.6725
2023-06-30,1.6817
2023-07-04,1.6819
2023-07-05,1.6869
2023-07-06,1.699
2023-07-07,1.7042
2023-07-10,1.7032
2023-07-11,1.7117
2023-07-12,1.7121
2023-07-13,1.7206
2023-07-14,1.7281
2023-07-17,1.7245
2023-07-18,1.7229
2023-07-19,1.7001
2023-07-20,1.6938
2023-07-21,1.6977
2023-07-24,1.6894
2023-07-25,1.6957
2023-07-26,1.7082
2023-07-27,1.696
2023-07-28,1.7021
2023-07-31,1.6935
2023-08-01,1.6963
2023-08-02,1.6959
2023-08-03,1.6949
2023-08-04,1.7044
2023-08-08,1.712
2023-08-09,1.7096
2023-08-10,1.7063
2023-08-11,1.7072
2023-08-14,1.7064
2023-08-15,1.7152
2023-08-16,1.7218
2023-08-17,1.7247
2023-08-18,1.7259
2023-08-21,1.7265
2023-08-22,1.7257
2023-08-23,1.7203
2023-08-24,1.7133
2023-08-25,1.7133
2023-08-28,1.7121
2023-08-29,1.7143
2023-08-30,1.7212
2023-08-31,1.7144
2023-09-01,1.7137
2023-09-05,1.7124
2023-09-06,1.7086
2023-09-07,1.7054
2023-09-08,1.7004
2023-09-11,1.7008
2023-09-12,1.692
2023-09-13,1.6926
2023-09-14,1.6783
2023-09-15,1.6767
2023-09-18,1.6711
2023-09-19,1.6643
2023-09-20,1.6628
2023-09-21,1.6572
2023-09-22,1.6501
2023-09-25,1.6451
2023-09-26,1.6442
2023-09-27,1.6401
2023-09-28,1.6462
2023-09-29,1.651
2023-10-03,1.6561
2023-10-04,1.669
2023-10-05,1.6708
2023-10-06,1.6713
2023-10-10,1.6673
2023-10-11,1.6735
2023-10-12,1.6684
2023-10-13,1.6597
2023-10-16,1.6606
2023-10-17,1.6621
2023-10-18,1.6642
2023-10-19,1.6666
2023-10-20,1.664
2023-10-23,1.6726
2023-10-24,1.6717
2023-10-25,1.6716
2023-10-26,1.6752
2023-10-27,1.681
2023-10-30,1.6805
2023-10-31,1.6846
2023-11-01,1.683
2023-11-02,1.6801
2023-11-03,1.6899
2023-11-06,1.6926
2023-11-07,1.6916
2023-11-08,1.6948
2023-11-09,1.6896
2023-11-10,1.6878
2023-11-14,1.7105
2023-11-15,1.6994
2023-11-16,1.7083
2023-11-17,1.7063
2023-11-20,1.7153
2023-11-21,1.7175
2023-11-22,1.7133
2023-11-23,1.7171
2023-11-24,1.7165
2023-11-27,1.7205
2023-11-28,1.7217
2023-11-29,1.7253
2023-11-30,1.7156
2023-12-01,1.7117
2023-12-04,1.7097
2023-12-05,1.7114
2023-12-06,1.7079
2023-12-07,1.7108
2023-12-08,1.7045
2023-12-11,1.7042
2023-12-12,1.7075
2023-12-13,1.701
2023-12-14,1.7109
2023-12-15,1.6993
2023-12-18,1.6933
2023-12-19,1.6996
2023-12-20,1.6878
2023-12-21,1.6866
2023-12-22,1.687
2023-12-27,1.6878
2023-12-28,1.6835
2023-12-29,1.6837
2024-01-02,1.6816
2024-01-03,1.6887
2024-01-04,1.6939
2024-01-05,1.6974
2024-01-08,1.704
2024-01-09,1.702
2024-01-10,1.4749
2024-01-11,1.7072
2024-01-12,1.7071
2024-01-15,1.7098
2024-01-16,1.7046
2024-01-17,1.7128
2024-01-18,1.7126
2024-01-19,1.7072
2024-01-22,1.7109
2024-01-23,1.7086
2024-01-24,1.7181
2024-01-25,1.7147
2024-01-26,1.7107
2024-01-29,1.7053
2024-01-30,1.7009
2024-01-31,1.703
2024-02-01,1.7036
2024-02-02,1.7015
2024-02-05,1.6962
2024-02-06,1.6996
2024-02-07,1.7009
2024-02-08,1.698
2024-02-09,1.6996
2024-02-12,1.6981
2024-02-13,1.7078
2024-02-14,1.7017
2024-02-15,1.6979
2024-02-16,1.6976
2024-02-20,1.708
2024-02-21,1.7058
2024-02-22,1.7063
2024-02-23,1.711
2024-02-26,1.7138
2024-02-27,1.7147
2024-02-28,1.7176
2024-02-29,1.7148
2024-03-01,1.7153
2024-03-04,1.7223
2024-03-05,1.7258
2024-03-06,1.7231
2024-03-07,1.7226
2024-03-08,1.7321
2024-03-11,1.7289
2024-03-12,1.725
2024-03-13,1.7243
2024-03-14,1.7242
2024-03-15,1.7241
2024-03-18,1.7237
2024-03-19,1.7267
2024-03-20,1.7244
2024-03-21,1.7155
2024-03-22,1.713
2024-03-25,1.717
2024-03-26,1.7146
2024-03-27,1.7153
2024-03-28,1.7114
2024-04-01,1.7055
2024-04-02,1.7058
2024-04-03,1.7086
2024-04-04,1.71
2024-04-05,1.7164
2024-04-08,1.7177
2024-04-09,1.7215
2024-04-10,1.7173
2024-04-11,1.7178
2024-04-12,1.7141
2024-04-15,1.7146
2024-04-16,1.7195
2024-04-17,1.7173
2024-04-18,1.7137
2024-04-19,1.7062
2024-04-22,1.692
2024-04-23,1.7002
2024-04-24,1.7062
2024-04-25,1.7108
2024-04-26,1.7073
2024-04-29,1.714
2024-04-30,1.7202
2024-05-01,1.7188
2024-05-02,1.7139
2024-05-03,1.7167
2024-05-06,1.7176
2024-05-07,1.7177
2024-05-08,1.7155
2024-05-09,1.7129
2024-05-10,1.7116
2024-05-13,1.717
2024-05-14,1.7176
2024-05-15,1.7235
2024-05-16,1.7253
2024-05-17,1.728
2024-05-21,1.735
2024-05-22,1.7406
2024-05-23,1.7419
2024-05-24,1.7412
2024-05-27,1.7411
2024-05-28,1.7424
2024-05-29,1.7426
2024-05-30,1.7417
2024-05-31,1.7367
2024-06-03,1.7417
2024-06-04,1.7483
2024-06-05,1.7504
2024-06-06,1.7495
2024-06-07,1.7489
2024-06-10,1.7516
2024-06-11,1.7527
2024-06-12,1.7578
2024-06-13,1.7546
2024-06-14,1.7436
2024-06-17,1.7436
2024-06-18,1.7428
2024-06-19,1.744
2024-06-20,1.736
2024-06-21,1.732
2024-06-24,1.7328
2024-06-25,1.7324
2024-06-26,1.7301
2024-06-27,1.7318
2024-06-28,1.7301
2024-07-02,1.7359
2024-07-03,1.7381
2024-07-04,1.7369
2024-07-05,1.7456
2024-07-08,1.7487
2024-07-09,1.7446
2024-07-10,1.748
2024-07-11,1.7594
2024-07-12,1.769
2024-07-15,1.7732
2024-07-16,1.7733
2024-07-17,1.7809
2024-07-18,1.7761
2024-07-19,1.7732
2024-07-22,1.777
2024-07-23,1.7775
2024-07-24,1.7821
2024-07-25,1.779
2024-07-26,1.7796
2024-07-29,1.78
2024-07-30,1.7775
2024-07-31,1.7735
2024-08-01,1.7684
2024-08-02,1.774
2024-08-06,1.7515
2024-08-07,1.7461
2024-08-08,1.7487
2024-08-09,1.7515
2024-08-12,1.7542
2024-08-13,1.7613
2024-08-14,1.7604
2024-08-15,1.7625
2024-08-16,1.7702
2024-08-19,1.7714
2024-08-20,1.775
2024-08-21,1.7771
2024-08-22,1.7812
2024-08-23,1.7833
2024-08-26,1.7786
2024-08-27,1.7816
2024-08-28,1.7773
2024-08-29,1.7746
2024-08-30,1.772
2024-09-03,1.7757
2024-09-04,1.7772
2024-09-05,1.7797
2024-09-06,1.781
2024-09-09,1.7746
2024-09-10,1.7775
2024-09-11,1.7723
2024-09-12,1.7779
2024-09-13,1.7843
2024-09-16,1.7946
2024-09-17,1.7915
2024-09-18,1.7967
2024-09-19,1.7998
2024-09-20,1.8049
2024-09-23,1.8023
2024-09-24,1.8035
2024-09-25,1.7978
2024-09-26,1.8053
2024-09-27,1.808
2024-10-01,1.7942
2024-10-02,1.7902
2024-10-03,1.7761
2024-10-04,1.7805
2024-10-07,1.7803
2024-10-08,1.7884
2024-10-09,1.7899
2024-10-10,1.7953
2024-10-11,1.7988
2024-10-15,1.8055
2024-10-16,1.7908
2024-10-17,1.7933
2024-10-18,1.8002
2024-10-21,1.7983
2024-10-22,1.7936
2024-10-23,1.7908
2024-10-24,1.7958
2024-10-25,1.8005
2024-10-28,1.8039
2024-10-29,1.8075
2024-10-30,1.8071
2024-10-31,1.7955
2024-11-01,1.8038
2024-11-04,1.8009
2024-11-05,1.803
2024-11-06,1.7954
2024-11-07,1.7997
2024-11-08,1.7976
2024-11-12,1.7792
2024-11-13,1.7778
2024-11-14,1.7799
2024-11-15,1.7782
2024-11-18,1.7767
2024-11-19,1.7706
2024-11-20,1.7702
2024-11-21,1.7607
2024-11-22,1.7508
2024-11-25,1.7577
2024-11-26,1.768
2024-11-27,1.7779
2024-11-28,1.7766
2024-11-29,1.7807
2024-12-02,1.7781
2024-12-03,1.781
2024-12-04,1.786
2024-12-05,1.7898
2024-12-06,1.8018
2024-12-09,1.8046
2024-12-10,1.8071
2024-12-11,1.8048
2024-12-12,1.8019
2024-12-13,1.8015
2024-12-16,1.8052
2024-12-17,1.8181
2024-12-18,1.8184
2024-12-19,1.8029
2024-12-20,1.8066
2024-12-23,1.8034
2024-12-24,1.8058
2024-12-27,1.8121
2024-12-30,1.8041
2024-12-31,1.8029
2025-01-02,1.7851
2025-01-03,1.793
2025-01-06,1.7956
2025-01-07,1.7931
2025-01-08,1.7772
2025-01-09,1.7712
2025-01-10,1.7628
2025-01-13,1.7523
2025-01-14,1.7512
2025-01-15,1.7548
2025-01-16,1.7588
2025-01-17,1.7584
2025-01-20,1.7618
2025-01-21,1.7685
2025-01-22,1.7714
2025-01-23,1.7738
2025-01-24,1.7873
2025-01-27,1.7956
2025-01-28,1.7897
2025-01-29,1.7942
2025-01-30,1.7953
2025-01-31,1.7984
2025-02-03,1.8092
2025-02-04,1.7886
2025-02-05,1.7887
2025-02-06,1.7793
2025-02-07,1.7758
2025-02-10,1.773
2025-02-11,1.7766
2025-02-12,1.7777
2025-02-13,1.7822
2025-02-14,1.7856
2025-02-18,1.7888
2025-02-19,1.7896
2025-02-20,1.7938
2025-02-21,1.7959
2025-02-24,1.7974
2025-02-25,1.8092
2025-02-26,1.8179
2025-02-27,1.821
2025-02-28,1.8177
2025-03-03,1.8323
2025-03-04,1.8465
2025-03-05,1.8489
2025-03-06,1.8446
2025-03-07,1.856
2025-03-10,1.8619
2025-03-11,1.8704
2025-03-12,1.8649
2025-03-13,1.8651
2025-03-14,1.8605
2025-03-17,1.8573
2025-03-18,1.8571
2025-03-19,1.8587
2025-03-20,1.8595
2025-03-21,1.8547
2025-03-24,1.8504
2025-03-25,1.8515
2025-03-26,1.8392
2025-03-27,1.8532
2025-03-28,1.852
2025-03-31,1.8571
2025-04-01,1.8525
2025-04-02,1.8563
2025-04-03,1.8467
2025-04-04,1.8385
2025-04-07,1.8164
2025-04-08,1.814
2025-04-09,1.8091
2025-04-10,1.8144
2025-04-11,1.8158
2025-04-14,1.8289
2025-04-15,1.8427
2025-04-16,1.8395
2025-04-17,1.8366
2025-04-21,1.8497
2025-04-22,1.8472
2025-04-23,1.8417
2025-04-24,1.8472
2025-04-25,1.8466
2025-04-28,1.8549
2025-04-29,1.856
2025-04-30,1.8429
2025-05-01,1.8389
2025-05-02,1.8344
2025-05-05,1.8369
2025-05-06,1.8434
2025-05-07,1.8408
2025-05-08,1.8482
2025-05-09,1.8527
2025-05-12,1.8462
2025-05-13,1.8535
2025-05-14,1.8564
2025-05-15,1.8588
2025-05-16,1.8556
2025-05-20,1.8627
2025-05-21,1.8602
2025-05-22,1.8615
2025-05-23,1.8588
2025-05-26,1.862
2025-05-27,1.863
2025-05-28,1.8624
2025-05-29,1.8629
2025-05-30,1.8535
2025-06-02,1.8555
2025-06-03,1.855
2025-06-04,1.8539
2025-06-05,1.8555
2025-06-06,1.8522
2025-06-09,1.8544
2025-06-10,1.8484
2025-06-11,1.8502
2025-06-12,1.8506
2025-06-13,1.8447
2025-06-16,1.8434
2025-06-17,1.8359
2025-06-18,1.8387
2025-06-19,1.8444
2025-06-20,1.8499
2025-06-23,1.8537
2025-06-24,1.8675
2025-06-25,1.8725
2025-06-26,1.8741
2025-06-27,1.8754
2025-06-30,1.8699
2025-07-02,1.855
2025-07-03,1.8521
2025-07-04,1.8567
2025-07-07,1.8598
2025-07-08,1.8564
2025-07-09,1.8611
2025-07-10,1.8562
2025-07-11,1.8481
2025-07-14,1.8417
2025-07-15,1.8372
2025-07-16,1.8387
2025-07-17,1.8439
2025-07-18,1.8434
2025-07-21,1.8469
2025-07-22,1.8419
2025-07-23,1.8453
2025-07-24,1.8441
2025-07-25,1.8407
2025-07-28,1.8378
2025-07-29,1.8367
2025-07-30,1.8351
2025-07-31,1.8298
2025-08-01,1.8281
2025-08-05,1.8327
2025-08-06,1.8341
2025-08-07,1.8457
2025-08-08,1.8487
2025-08-11,1.8501
2025-08-12,1.859
2025-08-13,1.8682
2025-08-14,1.8693
2025-08-15,1.872
2025-08-18,1.8671
2025-08-19,1.8695
2025-08-20,1.8673
2025-08-21,1.8661
2025-08-22,1.8703
2025-08-25,1.8662
2025-08-26,1.8652
2025-08-27,1.8619
2025-08-28,1.859
2025-08-29,1.8541
2025-09-02,1.8454
2025-09-03,1.8536
2025-09-04,1.8572
2025-09-05,1.8698
2025-09-08,1.8709
2025-09-09,1.8727
2025-09-10,1.876
2025-09-11,1.8778
2025-09-12,1.8772
2025-09-15,1.8777
2025-09-16,1.8771
2025-09-17,1.8796
2025-09-18,1.8711
2025-09-19,1.8583
2025-09-22,1.8662
2025-09-23,1.87
2025-09-24,1.8683
2025-09-25,1.8601
2025-09-26,1.8675
2025-09-29,1.8701
2025-10-01,1.8804
2025-10-02,1.8767
2025-10-03,1.8795
2025-10-06,1.8795
2025-10-07,1.8736
2025-10-08,1.8697
2025-10-09,1.8651
2025-10-10,1.8651
2025-10-14,1.8687
2025-10-15,1.8781
2025-10-16,1.8869
2025-10-17,1.8832
2025-10-20,1.8828
2025-10-21,1.8757
2025-10-22,1.869
2025-10-23,1.8646
2025-10-24,1.8656
2025-10-27,1.8661
2025-10-28,1.8535
2025-10-29,1.8386
2025-10-30,1.8397
2025-10-31,1.8399
2025-11-03,1.8465
2025-11-04,1.837
2025-11-05,1.8413
2025-11-06,1.8515
2025-11-07,1.8502
2025-11-10,1.8467
2025-11-12,1.838
2025-11-13,1.8491
2025-11-14,1.8456
2025-11-17,1.8481
2025-11-18,1.8407
2025-11-19,1.8365
2025-11-20,1.8424
2025-11-21,1.8461
2025-11-24,1.8485
2025-11-25,1.8593
2025-11-26,1.8587
2025-11-27,1.858
2025-11-28,1.8499
2025-12-01,1.8499
2025-12-02,1.8463
2025-12-03,1.8596
2025-12-04,1.8624
2025-12-05,1.8485
2025-12-08,1.8433
2025-12-09,1.8421
2025-12-10,1.8454
2025-12-11,1.8475
2025-12-12,1.8404
2025-12-15,1.8423
2025-12-16,1.8457
2025-12-17,1.8435
2025-12-18,1.845
2025-12-19,1.8436
2025-12-22,1.8497
2025-12-23,1.8487
2025-12-24,1.8466
2025-12-29,1.8469
2025-12-30,1.8448
2025-12-31,1.8428
2026-01-02,1.8495
2026-01-05,1.8597
2026-01-06,1.8624
2026-01-07,1.863
2026-01-08,1.8624
2026-01-09,1.8638
2026-01-12,1.8687
2026-01-13,1.8665
2026-01-14,1.8652
2026-01-15,1.8603
2026-01-16,1.8625
2026-01-19,1.862
2026-01-20,1.8602
2026-01-21,1.855
2026-01-22,1.8592
2026-01-23,1.8646
2026-01-26,1.8752
2026-01-27,1.8758
2026-01-28,1.8702
2026-01-29,1.8648
2026-01-30,1.8608
2026-02-02,1.8674
2026-02-03,1.8686
2026-02-04,1.8683
2026-02-05,1.8534
2026-02-06,1.8572
2026-02-09,1.8561
2026-02-10,1.8504
2026-02-11,1.8526
2026-02-12,1.8549
2026-02-13,1.8566
2026-02-17,1.849
2026-02-18,1.8507
2026-02-19,1.8428
2026-02-20,1.8464
2026-02-23,1.8479
2026-02-24,1.8515
2026-02-25,1.853
2026-02-26,1.8482
2026-02-27,1.837
2026-03-02,1.834
2026-03-03,1.8233
2026-03-04,1.8262
2026-03-05,1.8237
2026-03-06,1.821
2026-03-09,1.8167
2026-03-10,1.8247
2026-03-11,1.8226
2026-03-12,1.819
2026-03-13,1.8177
2026-03-16,1.8196
2026-03-17,1.8286
2026-03-18,1.8258
2026-03-19,1.8348
2026-03-20,1.8301
2026-03-23,1.8407
2026-03-24,1.8419
2026-03-25,1.8465
2026-03-26,1.8467
2026-03-27,1.8433
2026-03-30,1.8375
2026-03-31,1.844
2026-04-01,1.8493
2026-04-02,1.8407
2026-04-06,1.8423
2026-04-07,1.8433
2026-04-08,1.8606
2026-04-09,1.8565
2026-04-10,1.8612
2026-04-13,1.86
2026-04-14,1.8671
2026-04-15,1.865
2026-04-16,1.8556
2026-04-17,1.8531
2026-04-20,1.8482
2026-04-21,1.8444
2026-04-22,1.8453
2026-04-23,1.8462
2026-04-24,1.848
2026-04-27,1.8445
2026-04-28,1.8471
2026-04-29,1.8453
2026-04-30,1.848
2026-05-01,1.8479
2026-05-04,1.8433
2026-05-05,1.8457
2026-05-06,1.853
2026-05-07,1.8549
2026-05-08,1.8643
2026-05-11,1.8629
2026-05-12,1.8543
2026-05-13,1.8518
2026-05-14,1.8475
2026-05-15,1.8339
2026-05-19,1.8435
2026-05-20,1.8467
2026-05-21,1.8494
2026-05-22,1.8558
2026-05-25,1.8639
2026-05-26,1.8579
2026-05-27,1.8581
2026-05-28,1.8551
2026-05-29,1.8567
2026-06-01,1.861
2026-06-02,1.8634
2026-06-03,1.864
2026-06-04,1.8674
2026-06-05,1.8619
