date,CAD_per_MXN
2017-01-03,0.06439
2017-01-04,0.06242
2017-01-05,0.06195
2017-01-06,0.06213
2017-01-09,0.06202
2017-01-10,0.06113
2017-01-11,0.0604
2017-01-12,0.06041
2017-01-13,0.06075
2017-01-16,0.06075
2017-01-17,0.06055
2017-01-18,0.06033
2017-01-19,0.06075
2017-01-20,0.06147
2017-01-23,0.06202
2017-01-24,0.06163
2017-01-25,0.06138
2017-01-26,0.0619
2017-01-27,0.06251
2017-01-30,0.06318
2017-01-31,0.06266
2017-02-01,0.06295
2017-02-02,0.06336
2017-02-03,0.06386
2017-02-06,0.06378
2017-02-07,0.06385
2017-02-08,0.06415
2017-02-09,0.06431
2017-02-10,0.06435
2017-02-13,0.06437
2017-02-14,0.06438
2017-02-15,0.06443
2017-02-16,0.06423
2017-02-17,0.06407
2017-02-21,0.06463
2017-02-22,0.06609
2017-02-23,0.06657
2017-02-24,0.06609
2017-02-27,0.06609
2017-02-28,0.06623
2017-03-01,0.06704
2017-03-02,0.06708
2017-03-03,0.06843
2017-03-06,0.06861
2017-03-07,0.06884
2017-03-08,0.06866
2017-03-09,0.06826
2017-03-10,0.06853
2017-03-13,0.06866
2017-03-14,0.06857
2017-03-15,0.06902
2017-03-16,0.06953
2017-03-17,0.06972
2017-03-20,0.0701
2017-03-21,0.06984
2017-03-22,0.06998
2017-03-23,0.0702
2017-03-24,0.07098
2017-03-27,0.07086
2017-03-28,0.07078
2017-03-29,0.07101
2017-03-30,0.07114
2017-03-31,0.07092
2017-04-03,0.07148
2017-04-04,0.07123
2017-04-05,0.07159
2017-04-06,0.07149
2017-04-07,0.07175
2017-04-10,0.07144
2017-04-11,0.07111
2017-04-12,0.07098
2017-04-13,0.07149
2017-04-17,0.07168
2017-04-18,0.07228
2017-04-19,0.0716
2017-04-20,0.07169
2017-04-21,0.07169
2017-04-24,0.0723
2017-04-25,0.07188
2017-04-26,0.07114
2017-04-27,0.07153
2017-04-28,0.07218
2017-05-01,0.07275
2017-05-02,0.07306
2017-05-03,0.07291
2017-05-04,0.07228
2017-05-05,0.07213
2017-05-08,0.07169
2017-05-09,0.07157
2017-05-10,0.07193
2017-05-11,0.07253
2017-05-12,0.07305
2017-05-15,0.07306
2017-05-16,0.07298
2017-05-17,0.07288
2017-05-18,0.07194
2017-05-19,0.07247
2017-05-23,0.07245
2017-05-24,0.07259
2017-05-25,0.07291
2017-05-26,0.07282
2017-05-29,0.07266
2017-05-30,0.07224
2017-05-31,0.07225
2017-06-01,0.07259
2017-06-02,0.07243
2017-06-05,0.07337
2017-06-06,0.07365
2017-06-07,0.07399
2017-06-08,0.07418
2017-06-09,0.07399
2017-06-12,0.07383
2017-06-13,0.07323
2017-06-14,0.07358
2017-06-15,0.07344
2017-06-16,0.07375
2017-06-19,0.07359
2017-06-20,0.07321
2017-06-21,0.07318
2017-06-22,0.07307
2017-06-23,0.07373
2017-06-26,0.07406
2017-06-27,0.07338
2017-06-28,0.07299
2017-06-29,0.07217
2017-06-30,0.0718
2017-07-04,0.0711
2017-07-05,0.07087
2017-07-06,0.0707
2017-07-07,0.07111
2017-07-10,0.07167
2017-07-11,0.07197
2017-07-12,0.07193
2017-07-13,0.07182
2017-07-14,0.07213
2017-07-17,0.07204
2017-07-18,0.07213
2017-07-19,0.07197
2017-07-20,0.0718
2017-07-21,0.07142
2017-07-24,0.07075
2017-07-25,0.07047
2017-07-26,0.07053
2017-07-27,0.07082
2017-07-28,0.07008
2017-07-31,0.07001
2017-08-01,0.07025
2017-08-02,0.07029
2017-08-03,0.07042
2017-08-04,0.07073
2017-08-08,0.07079
2017-08-09,0.07066
2017-08-10,0.07093
2017-08-11,0.07102
2017-08-14,0.07149
2017-08-15,0.07151
2017-08-16,0.07167
2017-08-17,0.07125
2017-08-18,0.07072
2017-08-21,0.0712
2017-08-22,0.07109
2017-08-23,0.07088
2017-08-24,0.07083
2017-08-25,0.07086
2017-08-28,0.07017
2017-08-29,0.06999
2017-08-30,0.07087
2017-08-31,0.07039
2017-09-01,0.06961
2017-09-05,0.06927
2017-09-06,0.06885
2017-09-07,0.06866
2017-09-08,0.06852
2017-09-11,0.06869
2017-09-12,0.06845
2017-09-13,0.06858
2017-09-14,0.06879
2017-09-15,0.06892
2017-09-18,0.06899
2017-09-19,0.06911
2017-09-20,0.06924
2017-09-21,0.06908
2017-09-22,0.06938
2017-09-25,0.06906
2017-09-26,0.06881
2017-09-27,0.06844
2017-09-28,0.06843
2017-09-29,0.06868
2017-10-02,0.06854
2017-10-03,0.06856
2017-10-04,0.06845
2017-10-05,0.06842
2017-10-06,0.06766
2017-10-10,0.06699
2017-10-11,0.06673
2017-10-12,0.06647
2017-10-13,0.06599
2017-10-16,0.06572
2017-10-17,0.0661
2017-10-18,0.06622
2017-10-19,0.06625
2017-10-20,0.06635
2017-10-23,0.06639
2017-10-24,0.06606
2017-10-25,0.06693
2017-10-26,0.06717
2017-10-27,0.06714
2017-10-30,0.06689
2017-10-31,0.0673
2017-11-01,0.06734
2017-11-02,0.06747
2017-11-03,0.06671
2017-11-06,0.06684
2017-11-07,0.06681
2017-11-08,0.06671
2017-11-09,0.06648
2017-11-10,0.06649
2017-11-14,0.06657
2017-11-15,0.06639
2017-11-16,0.06671
2017-11-17,0.06739
2017-11-20,0.0673
2017-11-21,0.06785
2017-11-22,0.068
2017-11-23,0.06825
2017-11-24,0.06848
2017-11-27,0.06872
2017-11-28,0.06894
2017-11-29,0.06933
2017-11-30,0.06924
2017-12-01,0.06824
2017-12-04,0.06814
2017-12-05,0.06775
2017-12-06,0.06761
2017-12-07,0.06781
2017-12-08,0.06791
2017-12-11,0.06767
2017-12-12,0.06715
2017-12-13,0.06719
2017-12-14,0.06707
2017-12-15,0.06711
2017-12-18,0.06752
2017-12-19,0.06717
2017-12-20,0.06677
2017-12-21,0.06559
2017-12-22,0.06527
2017-12-27,0.06398
2017-12-28,0.06384
2017-12-29,0.0638
2018-01-02,0.06423
2018-01-03,0.06468
2018-01-04,0.0649
2018-01-05,0.0644
2018-01-08,0.06458
2018-01-09,0.06458
2018-01-10,0.06486
2018-01-11,0.06482
2018-01-12,0.06561
2018-01-15,0.06598
2018-01-16,0.06602
2018-01-17,0.06658
2018-01-18,0.06676
2018-01-19,0.06701
2018-01-22,0.06665
2018-01-23,0.06627
2018-01-24,0.06665
2018-01-25,0.06669
2018-01-26,0.06656
2018-01-29,0.06627
2018-01-30,0.06596
2018-01-31,0.06601
2018-02-01,0.06668
2018-02-02,0.06684
2018-02-05,0.06703
2018-02-06,0.06699
2018-02-07,0.06715
2018-02-08,0.06678
2018-02-09,0.06701
2018-02-12,0.06762
2018-02-13,0.06762
2018-02-14,0.06749
2018-02-15,0.06756
2018-02-16,0.0678
2018-02-20,0.0676
2018-02-21,0.0678
2018-02-22,0.06809
2018-02-23,0.06826
2018-02-26,0.06799
2018-02-27,0.06787
2018-02-28,0.06807
2018-03-01,0.06808
2018-03-02,0.06826
2018-03-05,0.06872
2018-03-06,0.0689
2018-03-07,0.06894
2018-03-08,0.06912
2018-03-09,0.06907
2018-03-12,0.06887
2018-03-13,0.06955
2018-03-14,0.06966
2018-03-15,0.06966
2018-03-16,0.0699
2018-03-19,0.06974
2018-03-20,0.06969
2018-03-21,0.06984
2018-03-22,0.06971
2018-03-23,0.06934
2018-03-26,0.07023
2018-03-27,0.07007
2018-03-28,0.07048
2018-03-29,0.07074
2018-04-02,0.07058
2018-04-03,0.0704
2018-04-04,0.07028
2018-04-05,0.07044
2018-04-06,0.06978
2018-04-09,0.06959
2018-04-10,0.06902
2018-04-11,0.06903
2018-04-12,0.06939
2018-04-13,0.06965
2018-04-16,0.06978
2018-04-17,0.0698
2018-04-18,0.06997
2018-04-19,0.069
2018-04-20,0.06851
2018-04-23,0.06812
2018-04-24,0.06809
2018-04-25,0.06775
2018-04-26,0.06824
2018-04-27,0.0688
2018-04-30,0.06847
2018-05-01,0.06827
2018-05-02,0.06748
2018-05-03,0.0674
2018-05-04,0.06702
2018-05-07,0.06626
2018-05-08,0.06624
2018-05-09,0.06574
2018-05-10,0.0662
2018-05-11,0.06612
2018-05-14,0.06551
2018-05-15,0.0652
2018-05-16,0.0651
2018-05-17,0.06498
2018-05-18,0.06468
2018-05-22,0.06475
2018-05-23,0.06526
2018-05-24,0.06547
2018-05-25,0.06629
2018-05-28,0.06638
2018-05-29,0.06584
2018-05-30,0.06533
2018-05-31,0.06486
2018-06-01,0.06517
2018-06-04,0.06468
2018-06-05,0.06379
2018-06-06,0.06357
2018-06-07,0.06336
2018-06-08,0.06336
2018-06-11,0.06341
2018-06-12,0.06306
2018-06-13,0.06286
2018-06-14,0.06306
2018-06-15,0.06362
2018-06-18,0.06401
2018-06-19,0.06457
2018-06-20,0.06525
2018-06-21,0.06547
2018-06-22,0.0662
2018-06-25,0.06634
2018-06-26,0.06693
2018-06-27,0.06628
2018-06-28,0.06678
2018-06-29,0.0667
2018-07-03,0.06714
2018-07-04,0.06763
2018-07-05,0.06821
2018-07-06,0.06868
2018-07-09,0.0684
2018-07-10,0.06901
2018-07-11,0.06926
2018-07-12,0.06978
2018-07-13,0.06957
2018-07-16,0.06974
2018-07-17,0.06986
2018-07-18,0.06979
2018-07-19,0.06951
2018-07-20,0.06903
2018-07-23,0.06904
2018-07-24,0.06973
2018-07-25,0.06978
2018-07-26,0.07005
2018-07-27,0.07027
2018-07-30,0.07022
2018-07-31,0.06989
2018-08-01,0.06987
2018-08-02,0.06978
2018-08-03,0.06985
2018-08-07,0.07053
2018-08-08,0.07068
2018-08-09,0.06997
2018-08-10,0.06926
2018-08-13,0.0685
2018-08-14,0.06898
2018-08-15,0.06845
2018-08-16,0.06912
2018-08-17,0.06869
2018-08-20,0.0687
2018-08-21,0.06902
2018-08-22,0.06916
2018-08-23,0.06922
2018-08-24,0.06907
2018-08-27,0.0694
2018-08-28,0.06832
2018-08-29,0.06788
2018-08-30,0.0679
2018-08-31,0.06818
2018-09-04,0.06804
2018-09-05,0.06789
2018-09-06,0.06828
2018-09-07,0.06834
2018-09-10,0.06823
2018-09-11,0.06821
2018-09-12,0.06825
2018-09-13,0.06891
2018-09-14,0.0691
2018-09-17,0.06912
2018-09-18,0.06918
2018-09-19,0.06901
2018-09-20,0.06859
2018-09-21,0.06854
2018-09-24,0.06852
2018-09-25,0.06814
2018-09-26,0.06859
2018-09-27,0.06931
2018-09-28,0.06912
2018-10-01,0.06863
2018-10-02,0.06828
2018-10-03,0.06812
2018-10-04,0.06752
2018-10-05,0.06834
2018-10-09,0.06816
2018-10-10,0.06804
2018-10-11,0.06855
2018-10-12,0.06893
2018-10-15,0.06906
2018-10-16,0.06895
2018-10-17,0.06904
2018-10-18,0.06842
2018-10-19,0.06822
2018-10-22,0.06769
2018-10-23,0.06761
2018-10-24,0.0669
2018-10-25,0.06719
2018-10-26,0.06734
2018-10-29,0.06616
2018-10-30,0.0656
2018-10-31,0.06479
2018-11-01,0.06501
2018-11-02,0.06547
2018-11-05,0.06557
2018-11-06,0.06621
2018-11-07,0.06606
2018-11-08,0.06542
2018-11-09,0.06512
2018-11-13,0.06461
2018-11-14,0.06492
2018-11-15,0.06495
2018-11-16,0.06518
2018-11-19,0.06476
2018-11-20,0.06491
2018-11-21,0.06561
2018-11-22,0.06509
2018-11-23,0.06489
2018-11-26,0.06442
2018-11-27,0.06492
2018-11-28,0.06536
2018-11-29,0.06559
2018-11-30,0.06537
2018-12-03,0.06522
2018-12-04,0.06452
2018-12-05,0.06506
2018-12-06,0.06555
2018-12-07,0.06565
2018-12-10,0.06581
2018-12-11,0.06622
2018-12-12,0.06651
2018-12-13,0.06602
2018-12-14,0.06582
2018-12-17,0.06664
2018-12-18,0.06693
2018-12-19,0.06713
2018-12-20,0.06784
2018-12-21,0.06808
2018-12-24,0.06846
2018-12-27,0.06915
2018-12-28,0.06934
2018-12-31,0.06942
2019-01-02,0.06941
2019-01-03,0.06885
2019-01-04,0.06879
2019-01-07,0.06884
2019-01-08,0.06871
2019-01-09,0.06872
2019-01-10,0.06902
2019-01-11,0.06928
2019-01-14,0.06972
2019-01-15,0.06973
2019-01-16,0.06983
2019-01-17,0.06983
2019-01-18,0.06952
2019-01-21,0.06934
2019-01-22,0.06962
2019-01-23,0.06995
2019-01-24,0.07023
2019-01-25,0.06996
2019-01-28,0.06964
2019-01-29,0.06981
2019-01-30,0.06893
2019-01-31,0.06893
2019-02-01,0.06849
2019-02-04,0.06871
2019-02-05,0.0689
2019-02-06,0.06901
2019-02-07,0.06956
2019-02-08,0.06959
2019-02-11,0.0691
2019-02-12,0.06878
2019-02-13,0.06826
2019-02-14,0.06874
2019-02-15,0.06866
2019-02-19,0.06903
2019-02-20,0.06864
2019-02-21,0.06851
2019-02-22,0.0688
2019-02-25,0.06893
2019-02-26,0.06887
2019-02-27,0.06848
2019-02-28,0.06841
2019-03-01,0.06872
2019-03-04,0.06894
2019-03-05,0.06929
2019-03-06,0.06935
2019-03-07,0.06886
2019-03-08,0.06882
2019-03-11,0.06907
2019-03-12,0.06927
2019-03-13,0.06898
2019-03-14,0.06894
2019-03-15,0.06939
2019-03-18,0.06983
2019-03-19,0.06992
2019-03-20,0.07046
2019-03-21,0.07088
2019-03-22,0.07029
2019-03-25,0.07044
2019-03-26,0.07017
2019-03-27,0.0695
2019-03-28,0.06932
2019-03-29,0.06902
2019-04-01,0.06937
2019-04-02,0.06953
2019-04-03,0.06941
2019-04-04,0.06964
2019-04-05,0.07013
2019-04-08,0.07023
2019-04-09,0.07037
2019-04-10,0.07074
2019-04-11,0.07095
2019-04-12,0.07105
2019-04-15,0.07086
2019-04-16,0.07059
2019-04-17,0.07079
2019-04-18,0.0712
2019-04-22,0.07089
2019-04-23,0.07085
2019-04-24,0.07081
2019-04-25,0.07066
2019-04-26,0.07104
2019-04-29,0.07083
2019-04-30,0.07071
2019-05-01,0.07105
2019-05-02,0.07053
2019-05-03,0.07069
2019-05-06,0.07085
2019-05-07,0.07071
2019-05-08,0.07054
2019-05-09,0.07015
2019-05-10,0.07017
2019-05-13,0.07009
2019-05-14,0.0703
2019-05-15,0.07037
2019-05-16,0.07044
2019-05-17,0.07028
2019-05-21,0.07043
2019-05-22,0.07065
2019-05-23,0.07077
2019-05-24,0.07055
2019-05-27,0.07055
2019-05-28,0.07036
2019-05-29,0.07036
2019-05-30,0.07069
2019-05-31,0.06884
2019-06-03,0.06814
2019-06-04,0.06846
2019-06-05,0.06851
2019-06-06,0.06785
2019-06-07,0.06762
2019-06-10,0.06907
2019-06-11,0.0694
2019-06-12,0.06943
2019-06-13,0.06953
2019-06-14,0.0699
2019-06-17,0.0699
2019-06-18,0.07005
2019-06-19,0.06967
2019-06-20,0.06953
2019-06-21,0.06922
2019-06-24,0.06881
2019-06-25,0.06852
2019-06-26,0.06855
2019-06-27,0.06847
2019-06-28,0.06821
2019-07-02,0.06876
2019-07-03,0.06867
2019-07-04,0.06874
2019-07-05,0.06884
2019-07-08,0.06916
2019-07-09,0.06903
2019-07-10,0.06811
2019-07-11,0.06839
2019-07-12,0.06854
2019-07-15,0.06872
2019-07-16,0.06845
2019-07-17,0.06855
2019-07-18,0.06876
2019-07-19,0.06875
2019-07-22,0.06875
2019-07-23,0.06868
2019-07-24,0.06883
2019-07-25,0.06902
2019-07-26,0.06917
2019-07-29,0.06895
2019-07-30,0.06905
2019-07-31,0.06914
2019-08-01,0.06883
2019-08-02,0.06846
2019-08-06,0.06759
2019-08-07,0.06773
2019-08-08,0.06794
2019-08-09,0.06807
2019-08-12,0.06752
2019-08-13,0.06798
2019-08-14,0.06791
2019-08-15,0.06784
2019-08-16,0.06783
2019-08-19,0.06716
2019-08-20,0.06741
2019-08-21,0.06745
2019-08-22,0.06729
2019-08-23,0.067
2019-08-26,0.06673
2019-08-27,0.06636
2019-08-28,0.0664
2019-08-29,0.06609
2019-08-30,0.06627
2019-09-03,0.06665
2019-09-04,0.06706
2019-09-05,0.06723
2019-09-06,0.06735
2019-09-09,0.06732
2019-09-10,0.06736
2019-09-11,0.06746
2019-09-12,0.06795
2019-09-13,0.06838
2019-09-16,0.06816
2019-09-17,0.06824
2019-09-18,0.06854
2019-09-19,0.06836
2019-09-20,0.06824
2019-09-23,0.06819
2019-09-24,0.06811
2019-09-25,0.0678
2019-09-26,0.06759
2019-09-27,0.06732
2019-09-30,0.06712
2019-10-01,0.06689
2019-10-02,0.06715
2019-10-03,0.0676
2019-10-04,0.06815
2019-10-07,0.06803
2019-10-08,0.06799
2019-10-09,0.0681
2019-10-10,0.06819
2019-10-11,0.0683
2019-10-15,0.06862
2019-10-16,0.06871
2019-10-17,0.06857
2019-10-18,0.06858
2019-10-21,0.06843
2019-10-22,0.06853
2019-10-23,0.06841
2019-10-24,0.06843
2019-10-25,0.0685
2019-10-28,0.0685
2019-10-29,0.06839
2019-10-30,0.06865
2019-10-31,0.0686
2019-11-01,0.06881
2019-11-04,0.06864
2019-11-05,0.0685
2019-11-06,0.06866
2019-11-07,0.06886
2019-11-08,0.0692
2019-11-12,0.06874
2019-11-13,0.06815
2019-11-14,0.06829
2019-11-15,0.06888
2019-11-18,0.06857
2019-11-19,0.06842
2019-11-20,0.06831
2019-11-21,0.06843
2019-11-22,0.06852
2019-11-25,0.06847
2019-11-26,0.0681
2019-11-27,0.06795
2019-11-28,0.06779
2019-11-29,0.068
2019-12-02,0.06796
2019-12-03,0.06793
2019-12-04,0.0679
2019-12-05,0.06801
2019-12-06,0.0686
2019-12-09,0.06878
2019-12-10,0.0688
2019-12-11,0.06886
2019-12-12,0.06905
2019-12-13,0.0692
2019-12-16,0.06928
2019-12-17,0.06955
2019-12-18,0.0692
2019-12-19,0.06919
2019-12-20,0.06956
2019-12-23,0.06946
2019-12-24,0.06943
2019-12-27,0.06933
2019-12-30,0.06913
2019-12-31,0.06882
2020-01-02,0.06883
2020-01-03,0.06869
2020-01-06,0.06882
2020-01-07,0.06889
2020-01-08,0.06927
2020-01-09,0.06945
2020-01-10,0.06947
2020-01-13,0.06935
2020-01-14,0.06947
2020-01-15,0.06941
2020-01-16,0.06941
2020-01-17,0.06976
2020-01-20,0.06992
2020-01-21,0.06979
2020-01-22,0.07017
2020-01-23,0.07
2020-01-24,0.06985
2020-01-27,0.06967
2020-01-28,0.07014
2020-01-29,0.07054
2020-01-30,0.0703
2020-01-31,0.07009
2020-02-03,0.07065
2020-02-04,0.07104
2020-02-05,0.0714
2020-02-06,0.07126
2020-02-07,0.0709
2020-02-10,0.07101
2020-02-11,0.07118
2020-02-12,0.07115
2020-02-13,0.07114
2020-02-14,0.07135
2020-02-18,0.07127
2020-02-19,0.07118
2020-02-20,0.07052
2020-02-21,0.06992
2020-02-24,0.06949
2020-02-25,0.06958
2020-02-26,0.06938
2020-02-27,0.06887
2020-02-28,0.06795
2020-03-02,0.06799
2020-03-03,0.06894
2020-03-04,0.0688
2020-03-05,0.06766
2020-03-06,0.06649
2020-03-09,0.06422
2020-03-10,0.06576
2020-03-11,0.06485
2020-03-12,0.06269
2020-03-13,0.0638
2020-03-16,0.06142
2020-03-17,0.06163
2020-03-18,0.06063
2020-03-19,0.05982
2020-03-20,0.05958
2020-03-23,0.05799
2020-03-24,0.05796
2020-03-25,0.05881
2020-03-26,0.06017
2020-03-27,0.06
2020-03-30,0.05852
2020-03-31,0.06003
2020-04-01,0.05837
2020-04-02,0.0585
2020-04-03,0.05726
2020-04-06,0.05698
2020-04-07,0.05811
2020-04-08,0.05818
2020-04-09,0.05924
2020-04-13,0.05882
2020-04-14,0.05907
2020-04-15,0.05861
2020-04-16,0.05837
2020-04-17,0.05875
2020-04-20,0.05856
2020-04-21,0.05825
2020-04-22,0.05773
2020-04-23,0.05714
2020-04-24,0.05653
2020-04-27,0.05658
2020-04-28,0.05738
2020-04-29,0.05805
2020-04-30,0.05809
2020-05-01,0.05716
2020-05-04,0.05784
2020-05-05,0.05874
2020-05-06,0.05822
2020-05-07,0.05822
2020-05-08,0.05872
2020-05-11,0.05866
2020-05-12,0.05828
2020-05-13,0.05809
2020-05-14,0.05827
2020-05-15,0.05881
2020-05-19,0.05893
2020-05-20,0.05973
2020-05-21,0.06075
2020-05-22,0.06136
2020-05-25,0.06189
2020-05-26,0.06208
2020-05-27,0.06166
2020-05-28,0.06197
2020-05-29,0.06215
2020-06-01,0.06184
2020-06-02,0.06214
2020-06-03,0.06236
2020-06-04,0.06176
2020-06-05,0.06213
2020-06-08,0.06192
2020-06-09,0.06163
2020-06-10,0.06123
2020-06-11,0.06022
2020-06-12,0.06079
2020-06-15,0.0606
2020-06-16,0.0612
2020-06-17,0.06085
2020-06-18,0.06007
2020-06-19,0.06011
2020-06-22,0.06038
2020-06-23,0.06038
2020-06-24,0.06
2020-06-25,0.05986
2020-06-26,0.05964
2020-06-29,0.0592
2020-06-30,0.05905
2020-07-02,0.06038
2020-07-03,0.06049
2020-07-06,0.06077
2020-07-07,0.06002
2020-07-08,0.05943
2020-07-09,0.05986
2020-07-10,0.06026
2020-07-13,0.06029
2020-07-14,0.0603
2020-07-15,0.06059
2020-07-16,0.06058
2020-07-17,0.06034
2020-07-20,0.05998
2020-07-21,0.06022
2020-07-22,0.06019
2020-07-23,0.05969
2020-07-24,0.05999
2020-07-27,0.06073
2020-07-28,0.06087
2020-07-29,0.06081
2020-07-30,0.06068
2020-07-31,0.06035
2020-08-04,0.05866
2020-08-05,0.05916
2020-08-06,0.05937
2020-08-07,0.05959
2020-08-10,0.0595
2020-08-11,0.0595
2020-08-12,0.05932
2020-08-13,0.05937
2020-08-14,0.06011
2020-08-17,0.05985
2020-08-18,0.05951
2020-08-19,0.05967
2020-08-20,0.05947
2020-08-21,0.05993
2020-08-24,0.06011
2020-08-25,0.06009
2020-08-26,0.05998
2020-08-27,0.05949
2020-08-28,0.05994
2020-08-31,0.05959
2020-09-01,0.06001
2020-09-02,0.05993
2020-09-03,0.06054
2020-09-04,0.06068
2020-09-08,0.06066
2020-09-09,0.06122
2020-09-10,0.0617
2020-09-11,0.0619
2020-09-14,0.06241
2020-09-15,0.06256
2020-09-16,0.06261
2020-09-17,0.06292
2020-09-18,0.06281
2020-09-21,0.06189
2020-09-22,0.06169
2020-09-23,0.0603
2020-09-24,0.05996
2020-09-25,0.05985
2020-09-28,0.05959
2020-09-29,0.05989
2020-09-30,0.06021
2020-10-01,0.06066
2020-10-02,0.06123
2020-10-05,0.06197
2020-10-06,0.06181
2020-10-07,0.0618
2020-10-08,0.06172
2020-10-09,0.06198
2020-10-13,0.06151
2020-10-14,0.06165
2020-10-15,0.0619
2020-10-16,0.06233
2020-10-19,0.06223
2020-10-20,0.06223
2020-10-21,0.06229
2020-10-22,0.06248
2020-10-23,0.0629
2020-10-26,0.06288
2020-10-27,0.06302
2020-10-28,0.06268
2020-10-29,0.06248
2020-10-30,0.06267
2020-11-02,0.06194
2020-11-03,0.06204
2020-11-04,0.06246
2020-11-05,0.06294
2020-11-06,0.06319
2020-11-09,0.06391
2020-11-10,0.06386
2020-11-12,0.06384
2020-11-13,0.06426
2020-11-16,0.06444
2020-11-17,0.0644
2020-11-18,0.06452
2020-11-19,0.06475
2020-11-20,0.065
2020-11-23,0.06507
2020-11-24,0.065
2020-11-25,0.06494
2020-11-26,0.06492
2020-11-27,0.06472
2020-11-30,0.06441
2020-12-01,0.0646
2020-12-02,0.06448
2020-12-03,0.06473
2020-12-04,0.06471
2020-12-07,0.06453
2020-12-08,0.06477
2020-12-09,0.06451
2020-12-10,0.06376
2020-12-11,0.06349
2020-12-14,0.06329
2020-12-15,0.06344
2020-12-16,0.06401
2020-12-17,0.06419
2020-12-18,0.06412
2020-12-21,0.06397
2020-12-22,0.06427
2020-12-23,0.06401
2020-12-24,0.06451
2020-12-29,0.06424
2020-12-30,0.06411
2020-12-31,0.06404
2021-01-04,0.06422
2021-01-05,0.06371
2021-01-06,0.0644
2021-01-07,0.06375
2021-01-08,0.06352
2021-01-11,0.06361
2021-01-12,0.06399
2021-01-13,0.06417
2021-01-14,0.06401
2021-01-15,0.0643
2021-01-18,0.06457
2021-01-19,0.06477
2021-01-20,0.06458
2021-01-21,0.06406
2021-01-22,0.06376
2021-01-25,0.06334
2021-01-26,0.06348
2021-01-27,0.06319
2021-01-28,0.06321
2021-01-29,0.06297
2021-02-01,0.06295
2021-02-02,0.06351
2021-02-03,0.06329
2021-02-04,0.06289
2021-02-05,0.06339
2021-02-08,0.06332
2021-02-09,0.06327
2021-02-10,0.06328
2021-02-11,0.0636
2021-02-12,0.0636
2021-02-16,0.06284
2021-02-17,0.06281
2021-02-18,0.06235
2021-02-19,0.06171
2021-02-22,0.06089
2021-02-23,0.06119
2021-02-24,0.06139
2021-02-25,0.06023
2021-02-26,0.06065
2021-03-01,0.06132
2021-03-02,0.06115
2021-03-03,0.06047
2021-03-04,0.06037
2021-03-05,0.05953
2021-03-08,0.05901
2021-03-09,0.05949
2021-03-10,0.06022
2021-03-11,0.0607
2021-03-12,0.06019
2021-03-15,0.06032
2021-03-16,0.06051
2021-03-17,0.06039
2021-03-18,0.06091
2021-03-19,0.06116
2021-03-22,0.06071
2021-03-23,0.06074
2021-03-24,0.06038
2021-03-25,0.06065
2021-03-26,0.0611
2021-03-29,0.06096
2021-03-30,0.06132
2021-03-31,0.06148
2021-04-01,0.06183
2021-04-05,0.06175
2021-04-06,0.06222
2021-04-07,0.06248
2021-04-08,0.06258
2021-04-09,0.0622
2021-04-12,0.0624
2021-04-13,0.06247
2021-04-14,0.06244
2021-04-15,0.06281
2021-04-16,0.06275
2021-04-19,0.06314
2021-04-20,0.06316
2021-04-21,0.06295
2021-04-22,0.06279
2021-04-23,0.06292
2021-04-26,0.06252
2021-04-27,0.06203
2021-04-28,0.06191
2021-04-29,0.06127
2021-04-30,0.06091
2021-05-03,0.06075
2021-05-04,0.06085
2021-05-05,0.06065
2021-05-06,0.06047
2021-05-07,0.06096
2021-05-10,0.06079
2021-05-11,0.06077
2021-05-12,0.06024
2021-05-13,0.06062
2021-05-14,0.06103
2021-05-17,0.06095
2021-05-18,0.0608
2021-05-19,0.06091
2021-05-20,0.06067
2021-05-21,0.06048
2021-05-25,0.06063
2021-05-26,0.0609
2021-05-27,0.0605
2021-05-28,0
2021-06-01,0.06045
2021-06-02,0.06049
2021-06-03,0.06029
2021-06-04,0.06052
2021-06-07,0.06099
2021-06-08,0.06125
2021-06-09,0.06142
2021-06-10,0.06139
2021-06-11,0.06117
2021-06-14,0.06095
2021-06-15,0.06069
2021-06-16,0.06062
2021-06-17,0.06032
2021-06-18,0.06021
2021-06-21,0.06017
2021-06-22,0.06024
2021-06-23,0.06072
2021-06-24,0.06161
2021-06-25,0.0621
2021-06-28,0.06224
2021-06-29,0.06248
2021-06-30,0.06228
2021-07-02,0.06229
2021-07-05,0.06218
2021-07-06,0.06236
2021-07-07,0.06245
2021-07-08,0.06268
2021-07-09,0.06276
2021-07-12,0.06275
2021-07-13,0.0625
2021-07-14,0.06279
2021-07-15,0.06301
2021-07-16,0.06341
2021-07-19,0.06373
2021-07-20,0.06324
2021-07-21,0.06237
2021-07-22,0.06238
2021-07-23,0.06273
2021-07-26,0.06264
2021-07-27,0.06293
2021-07-28,0.06297
2021-07-29,0.06271
2021-07-30,0.06275
2021-08-03,0.0631
2021-08-04,0.06294
2021-08-05,0.06271
2021-08-06,0.06273
2021-08-09,0.06264
2021-08-10,0.06237
2021-08-11,0.06266
2021-08-12,0.0629
2021-08-13,0.06299
2021-08-16,0.06318
2021-08-17,0.06316
2021-08-18,0.06316
2021-08-19,0.06348
2021-08-20,0.06304
2021-08-23,0.06227
2021-08-24,0.06219
2021-08-25,0.06219
2021-08-26,0.06218
2021-08-27,0.06236
2021-08-30,0.06256
2021-08-31,0.06281
2021-09-01,0.06311
2021-09-02,0.06296
2021-09-03,0.0629
2021-09-07,0.06328
2021-09-08,0.0636
2021-09-09,0.06349
2021-09-10,0.06356
2021-09-13,0.06372
2021-09-14,0.06363
2021-09-15,0.06362
2021-09-16,0.06359
2021-09-17,0.06367
2021-09-20,0.06361
2021-09-21,0.06361
2021-09-22,0.06363
2021-09-23,0.0632
2021-09-24,0.06309
2021-09-27,0.06284
2021-09-28,0.06242
2021-09-29,0.06215
2021-10-01,0.06179
2021-10-04,0.06125
2021-10-05,0.06118
2021-10-06,0.061
2021-10-07,0.0609
2021-10-08,0.06033
2021-10-12,0.05996
2021-10-13,0.0602
2021-10-14,0.06008
2021-10-15,0.06055
2021-10-18,0.06074
2021-10-19,0.06095
2021-10-20,0.06108
2021-10-21,0.0609
2021-10-22,0.06123
2021-10-25,0.0613
2021-10-26,0.0613
2021-10-27,0.06112
2021-10-28,0.06066
2021-10-29,0.0603
2021-11-01,0.05945
2021-11-02,0.05976
2021-11-03,0.05966
2021-11-04,0.06044
2021-11-05,0.06096
2021-11-08,0.06121
2021-11-09,0.06129
2021-11-10,0.06077
2021-11-12,0.06116
2021-11-15,0.0607
2021-11-16,0.06047
2021-11-17,0.06088
2021-11-18,0.0607
2021-11-19,0.06073
2021-11-22,0.0605
2021-11-23,0.05991
2021-11-24,0.05915
2021-11-25,0.05872
2021-11-26,0.05856
2021-11-29,0.05876
2021-11-30,0.05966
2021-12-01,0.06
2021-12-02,0.06012
2021-12-03,0.06005
2021-12-06,0.06021
2021-12-07,0.05996
2021-12-08,0.06038
2021-12-09,0.06047
2021-12-10,0.06084
2021-12-13,0.06109
2021-12-14,0.06071
2021-12-15,0.06078
2021-12-16,0.06118
2021-12-17,0.06192
2021-12-20,0.0624
2021-12-21,0.06219
2021-12-22,0.062
2021-12-23,0.06203
2021-12-24,0.06219
2021-12-29,0.06223
2021-12-30,0.06227
2021-12-31,0.06209
2022-01-04,0.06192
2022-01-05,0.06221
2022-01-06,0.06217
2022-01-07,0.06207
2022-01-10,0.06209
2022-01-11,0.06182
2022-01-12,0.06144
2022-01-13,0.06134
2022-01-14,0.06174
2022-01-17,0.06166
2022-01-18,0.06144
2022-01-19,0.06112
2022-01-20,0.06098
2022-01-21,0.06131
2022-01-24,0.06138
2022-01-25,0.06112
2022-01-26,0.06106
2022-01-27,0.06125
2022-01-28,0.06129
2022-01-31,0.06158
2022-02-01,0.06171
2022-02-02,0.06163
2022-02-03,0.0616
2022-02-04,0.06165
2022-02-07,0.06152
2022-02-08,0.06159
2022-02-09,0.06184
2022-02-10,0.06196
2022-02-11,0.06213
2022-02-14,0.06237
2022-02-15,0.0625
2022-02-16,0.06242
2022-02-17,0.06253
2022-02-18,0.06275
2022-02-22,0.06277
2022-02-23,0.06285
2022-02-24,0.06222
2022-02-25,0.06244
2022-02-28,0.06206
2022-03-01,0.06178
2022-03-02,0.06128
2022-03-03,0.06125
2022-03-04,0.06103
2022-03-07,0.06021
2022-03-08,0.06023
2022-03-09,0.06115
2022-03-10,0.06091
2022-03-11,0.06074
2022-03-14,0.06115
2022-03-15,0.06137
2022-03-16,0.06142
2022-03-17,0.06151
2022-03-18,0.06178
2022-03-21,0.06191
2022-03-22,0.06206
2022-03-23,0.06224
2022-03-24,0.06228
2022-03-25,0.06258
2022-03-28,0.06236
2022-03-29,0.06264
2022-03-30,0.06274
2022-03-31,0.06278
2022-04-01,0.06308
2022-04-04,0.06314
2022-04-05,0.06259
2022-04-06,0.0623
2022-04-07,0.06249
2022-04-08,0.06262
2022-04-11,0.06314
2022-04-12,0.06362
2022-04-13,0.06372
2022-04-14,0.06311
2022-04-18,0.06334
2022-04-19,0.06306
2022-04-20,0.06243
2022-04-21,0.06215
2022-04-22,0.06261
2022-04-25,0.06296
2022-04-26,0.06288
2022-04-27,0.06278
2022-04-28,0.06253
2022-04-29,0.06283
2022-05-02,0.06311
2022-05-03,0.06321
2022-05-04,0.0634
2022-05-05,0.06345
2022-05-06,0.06397
2022-05-09,0.06381
2022-05-10,0.06392
2022-05-11,0.06392
2022-05-12,0.06416
2022-05-13,0.06428
2022-05-16,0.06422
2022-05-17,0.06428
2022-05-18,0.06428
2022-05-19,0.0643
2022-05-20,0.06455
2022-05-24,0.06458
2022-05-25,0.06469
2022-05-26,0.06464
2022-05-27,0.06494
2022-05-30,0.06494
2022-05-31,0.06433
2022-06-01,0.06417
2022-06-02,0.06437
2022-06-03,0.06429
2022-06-06,0.06423
2022-06-07,0.0641
2022-06-08,0.06402
2022-06-09,0.06445
2022-06-10,0.06419
2022-06-13,0.06299
2022-06-14,0.06278
2022-06-15,0.06287
2022-06-16,0.063
2022-06-17,0.06381
2022-06-20,0.06414
2022-06-21,0.06407
2022-06-22,0.06457
2022-06-23,0.06479
2022-06-24,0.06503
2022-06-27,0.06476
2022-06-28,0.06424
2022-06-29,0.06394
2022-06-30,0.06398
2022-07-04,0.06341
2022-07-05,0.06347
2022-07-06,0.06307
2022-07-07,0.06313
2022-07-08,0.06341
2022-07-11,0.06273
2022-07-12,0.06254
2022-07-13,0.06251
2022-07-14,0.06288
2022-07-15,0.06324
2022-07-18,0.0634
2022-07-19,0.06311
2022-07-20,0.0628
2022-07-21,0.06249
2022-07-22,0.06269
2022-07-25,0.06284
2022-07-26,0.06298
2022-07-27,0.06286
2022-07-28,0.06307
2022-07-29,0.06304
2022-08-02,0.06247
2022-08-03,0.06244
2022-08-04,0.06316
2022-08-05,0.0634
2022-08-08,0.0634
2022-08-09,0.06358
2022-08-10,0.06393
2022-08-11,0.06393
2022-08-12,0.06433
2022-08-15,0.06493
2022-08-16,0.06462
2022-08-17,0.06444
2022-08-18,0.06439
2022-08-19,0.06435
2022-08-22,0.06464
2022-08-23,0.06477
2022-08-24,0.06516
2022-08-25,0.06492
2022-08-26,0.06514
2022-08-29,0.06503
2022-08-30,0.06505
2022-08-31,0.06512
2022-09-01,0.06517
2022-09-02,0.06567
2022-09-06,0.06531
2022-09-07,0.06566
2022-09-08,0.06555
2022-09-09,0.0655
2022-09-12,0.06549
2022-09-13,0.06542
2022-09-14,0.06589
2022-09-15,0.06584
2022-09-16,0.06618
2022-09-19,0.06642
2022-09-20,0.0667
2022-09-21,0.06702
2022-09-22,0.06761
2022-09-23,0.06727
2022-09-26,0.06738
2022-09-27,0.06743
2022-09-28,0.06743
2022-09-29,0.06796
2022-10-03,0.06819
2022-10-04,0.06794
2022-10-05,0.06794
2022-10-06,0.06822
2022-10-07,0.06842
2022-10-11,0.06889
2022-10-12,0.06891
2022-10-13,0.06896
2022-10-14,0.06907
2022-10-17,0.06867
2022-10-18,0.0687
2022-10-19,0.06846
2022-10-20,0.06845
2022-10-21,0.06866
2022-10-24,0.0688
2022-10-25,0.0686
2022-10-26,0.06823
2022-10-27,0.06823
2022-10-28,0.06867
2022-10-31,0.06878
2022-11-01,0.06899
2022-11-02,0.06935
2022-11-03,0.06984
2022-11-04,0.06921
2022-11-07,0.06934
2022-11-08,0.06895
2022-11-09,0.06882
2022-11-10,0.06896
2022-11-14,0.0685
2022-11-15,0.06863
2022-11-16,0.06891
2022-11-17,0.06868
2022-11-18,0.06876
2022-11-21,0.06895
2022-11-22,0.06878
2022-11-23,0.06915
2022-11-24,0.06885
2022-11-25,0.06915
2022-11-28,0.06964
2022-11-29,0.0707
2022-11-30,0.06986
2022-12-01,0.07004
2022-12-02,0.06963
2022-12-05,0.0686
2022-12-06,0.06903
2022-12-07,0.06928
2022-12-08,0.06906
2022-12-09,0.06888
2022-12-12,0.06885
2022-12-13,0.06899
2022-12-14,0.06893
2022-12-15,0.06902
2022-12-16,0.06911
2022-12-19,0.06904
2022-12-20,0.0689
2022-12-21,0.06916
2022-12-22,0.06973
2022-12-23,0.06994
2022-12-28,0.06987
2022-12-29,0.06993
2022-12-30,0.06949
2023-01-03,0.07033
2023-01-04,0.0698
2023-01-05,0.07006
2023-01-06,0.07032
2023-01-09,0.06982
2023-01-10,0.07026
2023-01-11,0.07062
2023-01-12,0.0709
2023-01-13,0.07129
2023-01-16,0.07127
2023-01-17,0.07145
2023-01-18,0.07167
2023-01-19,0.07091
2023-01-20,0.071
2023-01-23,0.07107
2023-01-24,0.07099
2023-01-25,0.07119
2023-01-26,0.07091
2023-01-27,0.07094
2023-01-30,0.07113
2023-01-31,0.071
2023-02-01,0.07113
2023-02-02,0.0715
2023-02-03,0.07085
2023-02-06,0.07017
2023-02-07,0.07067
2023-02-08,0.07091
2023-02-09,0.07109
2023-02-10,0.07149
2023-02-13,0.07165
2023-02-14,0.07195
2023-02-15,0.07198
2023-02-16,0.07246
2023-02-17,0.07316
2023-02-21,0.07342
2023-02-22,0.07374
2023-02-23,0.07371
2023-02-24,0.07393
2023-02-27,0.07383
2023-02-28,0.07424
2023-03-01,0.07493
2023-03-02,0.07508
2023-03-03,0.07558
2023-03-06,0.07561
2023-03-07,0.0758
2023-03-08,0.07668
2023-03-09,0.07639
2023-03-10,0.07488
2023-03-13,0.07272
2023-03-14,0.07328
2023-03-15,0.07264
2023-03-16,0.07253
2023-03-17,0.07275
2023-03-20,0.07253
2023-03-21,0.07339
2023-03-22,0.07402
2023-03-23,0.07373
2023-03-24,0.07417
2023-03-27,0.07448
2023-03-28,0.0746
2023-03-29,0.07492
2023-03-30,0.07475
2023-03-31,0.07504
2023-04-03,0.07438
2023-04-04,0.07429
2023-04-05,0.0736
2023-04-06,0.07385
2023-04-10,0.07441
2023-04-11,0.0742
2023-04-12,0.07439
2023-04-13,0.07409
2023-04-14,0.07401
2023-04-17,0.07415
2023-04-18,0.07418
2023-04-19,0.07443
2023-04-20,0.07468
2023-04-21,0.07523
2023-04-24,0.07523
2023-04-25,0.07542
2023-04-26,0.07524
2023-04-27,0.0753
2023-04-28,0.07543
2023-05-01,0.07551
2023-05-02,0.07565
2023-05-03,0.076
2023-05-04,0.07566
2023-05-05,0.0754
2023-05-08,0.07499
2023-05-09,0.07533
2023-05-10,0.07595
2023-05-11,0.07647
2023-05-12,0.07686
2023-05-15,0.07689
2023-05-16,0.07702
2023-05-17,0.07654
2023-05-18,0.07617
2023-05-19,0.07628
2023-05-23,0.07518
2023-05-24,0.07622
2023-05-25,0.07643
2023-05-26,0.07709
2023-05-29,0.07738
2023-05-30,0.07712
2023-05-31,0.07686
2023-06-01,0.07672
2023-06-02,0.07675
2023-06-05,0.07682
2023-06-06,0.07697
2023-06-07,0.07709
2023-06-08,0.07681
2023-06-09,0.07713
2023-06-12,0.0773
2023-06-13,0.07722
2023-06-14,0.07757
2023-06-15,0.07721
2023-06-16,0.07724
2023-06-19,0.0772
2023-06-20,0.07709
2023-06-21,0.07684
2023-06-22,0.07665
2023-06-23,0.07683
2023-06-26,0.07674
2023-06-27,0.07709
2023-06-28,0.0776
2023-06-29,0.07745
2023-06-30,0.07736
2023-07-04,0.0776
2023-07-05,0.07801
2023-07-06,0.07753
2023-07-07,0.07759
2023-07-10,0.07782
2023-07-11,0.07764
2023-07-12,0.07816
2023-07-13,0.07773
2023-07-14,0.07842
2023-07-17,0.07851
2023-07-18,0.07877
2023-07-19,0.0786
2023-07-20,0.07825
2023-07-21,0.07799
2023-07-24,0.07818
2023-07-25,0.07801
2023-07-26,0.07835
2023-07-27,0.07872
2023-07-28,0.07933
2023-07-31,0.07879
2023-08-01,0.07889
2023-08-02,0.0785
2023-08-03,0.07718
2023-08-04,0.07814
2023-08-08,0.07844
2023-08-09,0.07861
2023-08-10,0.07901
2023-08-11,0.07905
2023-08-14,0.07889
2023-08-15,0.07873
2023-08-16,0.07911
2023-08-17,0.07902
2023-08-18,0.07946
2023-08-21,0.07954
2023-08-22,0.08005
2023-08-23,0.08053
2023-08-24,0.08069
2023-08-25,0.08111
2023-08-28,0.08122
2023-08-29,0.08079
2023-08-30,0.08081
2023-08-31,0.08022
2023-09-01,0.07948
2023-09-05,0.07859
2023-09-06,0.07776
2023-09-07,0.07797
2023-09-08,0.07768
2023-09-11,0.07802
2023-09-12,0.07844
2023-09-13,0.07901
2023-09-14,0.07897
2023-09-15,0.0792
2023-09-18,0.07876
2023-09-19,0.07859
2023-09-20,0.07882
2023-09-21,0.07849
2023-09-22,0.07851
2023-09-25,0.0776
2023-09-26,0.07736
2023-09-27,0.07646
2023-09-28,0.07656
2023-09-29,0.07767
2023-10-03,0.07676
2023-10-04,0.07644
2023-10-05,0.07546
2023-10-06,0.07501
2023-10-10,0.07541
2023-10-11,0.07624
2023-10-12,0.07618
2023-10-13,0.07589
2023-10-16,0.07584
2023-10-17,0.07594
2023-10-18,0.07521
2023-10-19,0.07504
2023-10-20,0.07497
2023-10-23,0.07535
2023-10-24,0.0753
2023-10-25,0.07523
2023-10-26,0.07585
2023-10-27,0.07667
2023-10-30,0.0767
2023-10-31,0.07693
2023-11-01,0.0774
2023-11-02,0.07834
2023-11-03,0.0786
2023-11-06,0.07801
2023-11-07,0.07866
2023-11-08,0.07877
2023-11-09,0.07843
2023-11-10,0.07796
2023-11-14,0.07891
2023-11-15,0.07886
2023-11-16,0.07966
2023-11-17,0.07966
2023-11-20,0.08013
2023-11-21,0.0797
2023-11-22,0.0798
2023-11-23,0.07973
2023-11-24,0.07957
2023-11-27,0.07961
2023-11-28,0.07918
2023-11-29,0.07895
2023-11-30,0.07808
2023-12-01,0.07842
2023-12-04,0.07779
2023-12-05,0.07791
2023-12-06,0.07856
2023-12-07,0.07809
2023-12-08,0.07824
2023-12-11,0.07788
2023-12-12,0.07844
2023-12-13,0.07819
2023-12-14,0.07765
2023-12-15,0.07769
2023-12-18,0.07777
2023-12-19,0.07813
2023-12-20,0.07808
2023-12-21,0.07802
2023-12-22,0.07815
2023-12-27,0.07797
2023-12-28,0.07808
2023-12-29,0.07818
2024-01-02,0.07818
2024-01-03,0.07834
2024-01-04,0.07836
2024-01-05,0.0789
2024-01-08,0.07942
2024-01-09,0.07907
2024-01-10,0.01102
2024-01-11,0.079
2024-01-12,0.07939
2024-01-15,0.07953
2024-01-16,0.07858
2024-01-17,0.07822
2024-01-18,0.07851
2024-01-19,0.07864
2024-01-22,0.0785
2024-01-23,0.0778
2024-01-24,0.07847
2024-01-25,0.07838
2024-01-26,0.07838
2024-01-29,0.07809
2024-01-30,0.07806
2024-01-31,0.07803
2024-02-01,0.07827
2024-02-02,0.07849
2024-02-05,0.07879
2024-02-06,0.0792
2024-02-07,0.07897
2024-02-08,0.07867
2024-02-09,0.07874
2024-02-12,0.07877
2024-02-13,0.07885
2024-02-14,0.07918
2024-02-15,0.07907
2024-02-16,0.07905
2024-02-20,0.0793
2024-02-21,0.07921
2024-02-22,0.07881
2024-02-23,0.07884
2024-02-26,0.07901
2024-02-27,0.07923
2024-02-28,0.07939
2024-02-29,0.07953
2024-03-01,0.0797
2024-03-04,0.07993
2024-03-05,0.08018
2024-03-06,0.08016
2024-03-07,0.07984
2024-03-08,0.08014
2024-03-11,0.08026
2024-03-12,0.08025
2024-03-13,0.08055
2024-03-14,0.08094
2024-03-15,0.08101
2024-03-18,0.08062
2024-03-19,0.08054
2024-03-20,0.08085
2024-03-21,0.08073
2024-03-22,0.08117
2024-03-25,0.08131
2024-03-26,0.08138
2024-03-27,0.08201
2024-03-28,0.08163
2024-04-01,0.08167
2024-04-02,0.08184
2024-04-03,0.08176
2024-04-04,0.08168
2024-04-05,0.08252
2024-04-08,0.08303
2024-04-09,0.08295
2024-04-10,0.0831
2024-04-11,0.08326
2024-04-12,0.08268
2024-04-15,0.08255
2024-04-16,0.08134
2024-04-17,0.08132
2024-04-18,0.08067
2024-04-19,0.07992
2024-04-22,0.08
2024-04-23,0.08032
2024-04-24,0.08034
2024-04-25,0.07958
2024-04-26,0.07968
2024-04-29,0.08012
2024-04-30,0.0805
2024-05-01,0.08077
2024-05-02,0.08085
2024-05-03,0.0806
2024-05-06,0.08085
2024-05-07,0.08113
2024-05-08,0.08117
2024-05-09,0.08111
2024-05-10,0.08149
2024-05-13,0.08142
2024-05-14,0.08107
2024-05-15,0.08142
2024-05-16,0.08158
2024-05-17,0.08188
2024-05-21,0.08221
2024-05-22,0.0821
2024-05-23,0.08205
2024-05-24,0.08186
2024-05-27,0.08184
2024-05-28,0.0815
2024-05-29,0.08097
2024-05-30,0.08068
2024-05-31,0.08029
2024-06-03,0.07749
2024-06-04,0.07658
2024-06-05,0.07788
2024-06-06,0.07789
2024-06-07,0.07548
2024-06-10,0.07482
2024-06-11,0.07469
2024-06-12,0.07295
2024-06-13,0.07409
2024-06-14,0.07432
2024-06-17,0.07409
2024-06-18,0.07459
2024-06-19,0.07436
2024-06-20,0.07452
2024-06-21,0.07529
2024-06-24,0.07591
2024-06-25,0.07546
2024-06-26,0.07503
2024-06-27,0.07445
2024-06-28,0.07484
2024-07-02,0.07496
2024-07-03,0.07508
2024-07-04,0.07524
2024-07-05,0.07535
2024-07-08,0.07572
2024-07-09,0.07599
2024-07-10,0.07641
2024-07-11,0.07653
2024-07-12,0.0771
2024-07-15,0.07676
2024-07-16,0.07738
2024-07-17,0.0771
2024-07-18,0.07662
2024-07-19,0.07636
2024-07-22,0.07667
2024-07-23,0.0761
2024-07-24,0.07519
2024-07-25,0.0751
2024-07-26,0.07505
2024-07-29,0.07442
2024-07-30,0.07385
2024-07-31,0.0741
2024-08-01,0.0742
2024-08-02,0.07274
2024-08-06,0.07111
2024-08-07,0.07141
2024-08-08,0.07194
2024-08-09,0.07289
2024-08-12,0.0724
2024-08-13,0.07218
2024-08-14,0.07271
2024-08-15,0.07345
2024-08-16,0.0735
2024-08-19,0.07286
2024-08-20,0.07205
2024-08-21,0.07065
2024-08-22,0.06996
2024-08-23,0.0707
2024-08-26,0.06982
2024-08-27,0.06856
2024-08-28,0.06875
2024-08-29,0.06799
2024-08-30,0.06857
2024-09-03,0.06823
2024-09-04,0.06816
2024-09-05,0.06758
2024-09-06,0.06783
2024-09-09,0.06823
2024-09-10,0.06781
2024-09-11,0.06851
2024-09-12,0.06921
2024-09-13,0.07042
2024-09-16,0.07048
2024-09-17,0.07063
2024-09-18,0.07064
2024-09-19,0.0703
2024-09-20,0.07003
2024-09-23,0.06963
2024-09-24,0.06962
2024-09-25,0.06889
2024-09-26,0.06874
2024-09-27,0.06869
2024-10-01,0.06857
2024-10-02,0.0694
2024-10-03,0.06957
2024-10-04,0.0706
2024-10-07,0.07038
2024-10-08,0.0706
2024-10-09,0.0705
2024-10-10,0.07048
2024-10-11,0.07099
2024-10-15,0.07033
2024-10-16,0.06923
2024-10-17,0.06918
2024-10-18,0.06973
2024-10-21,0.06918
2024-10-22,0.06951
2024-10-23,0.06943
2024-10-24,0.06977
2024-10-25,0.06968
2024-10-28,0.06943
2024-10-29,0.06943
2024-10-30,0.069
2024-10-31,0.06941
2024-11-01,0.06933
2024-11-04,0.06916
2024-11-05,0.06869
2024-11-06,0.06861
2024-11-07,0.06987
2024-11-08,0.06914
2024-11-12,0.06785
2024-11-13,0.06802
2024-11-14,0.06835
2024-11-15,0.06906
2024-11-18,0.06918
2024-11-19,0.06926
2024-11-20,0.06899
2024-11-21,0.06845
2024-11-22,0.06825
2024-11-25,0.06888
2024-11-26,0.06811
2024-11-27,0.06797
2024-11-28,0.06867
2024-11-29,0.06889
2024-12-02,0.06875
2024-12-03,0.0691
2024-12-04,0.06931
2024-12-05,0.06946
2024-12-06,0.06997
2024-12-09,0.07004
2024-12-10,0.07012
2024-12-11,0.07023
2024-12-12,0.07027
2024-12-13,0.07063
2024-12-16,0.07068
2024-12-17,0.07076
2024-12-18,0.07102
2024-12-19,0.0705
2024-12-20,0.07144
2024-12-23,0.07127
2024-12-24,0.07136
2024-12-27,0.07105
2024-12-30,0.07007
2024-12-31,0.06929
2025-01-02,0.06976
2025-01-03,0.06995
2025-01-06,0.07056
2025-01-07,0.07055
2025-01-08,0.07051
2025-01-09,0.07028
2025-01-10,0.06972
2025-01-13,0.06941
2025-01-14,0.06998
2025-01-15,0.07
2025-01-16,0.06929
2025-01-17,0.06957
2025-01-20,0.06972
2025-01-21,0.06956
2025-01-22,0.07001
2025-01-23,0.07048
2025-01-24,0.07083
2025-01-27,0.06963
2025-01-28,0.06995
2025-01-29,0.07024
2025-01-30,0.07045
2025-01-31,0.07012
2025-02-03,0.07083
2025-02-04,0.07004
2025-02-05,0.06936
2025-02-06,0.06983
2025-02-07,0.06956
2025-02-10,0.06942
2025-02-11,0.06955
2025-02-12,0.06969
2025-02-13,0.06943
2025-02-14,0.06977
2025-02-18,0.07004
2025-02-19,0.06967
2025-02-20,0.06971
2025-02-21,0.06977
2025-02-24,0.06956
2025-02-25,0.06978
2025-02-26,0.07014
2025-02-27,0.07046
2025-02-28,0.07039
2025-03-03,0.07038
2025-03-04,0.06957
2025-03-05,0.07039
2025-03-06,0.07047
2025-03-07,0.07085
2025-03-10,0.07113
2025-03-11,0.0711
2025-03-12,0.07123
2025-03-13,0.07166
2025-03-14,0.07227
2025-03-17,0.07185
2025-03-18,0.07151
2025-03-19,0.07157
2025-03-20,0.07116
2025-03-21,0.07093
2025-03-24,0.07117
2025-03-25,0.07127
2025-03-26,0.07092
2025-03-27,0.07047
2025-03-28,0.07016
2025-03-31,0.0704
2025-04-01,0.07032
2025-04-02,0.07009
2025-04-03,0.07052
2025-04-04,0.06947
2025-04-07,0.06878
2025-04-08,0.06874
2025-04-09,0.06821
2025-04-10,0.0685
2025-04-11,0.06828
2025-04-14,0.06903
2025-04-15,0.0696
2025-04-16,0.06948
2025-04-17,0.07001
2025-04-21,0.07019
2025-04-22,0.07051
2025-04-23,0.07075
2025-04-24,0.07083
2025-04-25,0.07086
2025-04-28,0.07081
2025-04-29,0.0707
2025-04-30,0.07045
2025-05-01,0.07053
2025-05-02,0.0703
2025-05-05,0.07037
2025-05-06,0.06996
2025-05-07,0.07039
2025-05-08,0.07113
2025-05-09,0.07146
2025-05-12,0.07144
2025-05-13,0.07178
2025-05-14,0.07213
2025-05-15,0.07191
2025-05-16,0.07168
2025-05-20,0.07229
2025-05-21,0.07159
2025-05-22,0.07169
2025-05-23,0.07131
2025-05-26,0.07146
2025-05-27,0.07163
2025-05-28,0.0714
2025-05-29,0.07142
2025-05-30,0.07107
2025-06-02,0.07128
2025-06-03,0.07129
2025-06-04,0.07126
2025-06-05,0.07123
2025-06-06,0.07152
2025-06-09,0.07181
2025-06-10,0.07182
2025-06-11,0.07223
2025-06-12,0.07197
2025-06-13,0.07172
2025-06-16,0.07175
2025-06-17,0.07165
2025-06-18,0.07197
2025-06-19,0.07195
2025-06-20,0.07181
2025-06-23,0.07172
2025-06-24,0.0721
2025-06-25,0.07253
2025-06-26,0.07224
2025-06-27,0.07252
2025-06-30,0.07247
2025-07-02,0.07259
2025-07-03,0.07264
2025-07-04,0.07301
2025-07-07,0.07307
2025-07-08,0.07325
2025-07-09,0.07366
2025-07-10,0.0734
2025-07-11,0.07326
2025-07-14,0.07309
2025-07-15,0.07295
2025-07-16,0.07311
2025-07-17,0.07321
2025-07-18,0.07329
2025-07-21,0.07341
2025-07-22,0.07315
2025-07-23,0.07322
2025-07-24,0.07345
2025-07-25,0.07384
2025-07-28,0.07337
2025-07-29,0.07334
2025-07-30,0.07344
2025-07-31,0.07352
2025-08-01,0.07301
2025-08-05,0.07333
2025-08-06,0.07377
2025-08-07,0.07371
2025-08-08,0.07407
2025-08-11,0.07388
2025-08-12,0.07407
2025-08-13,0.07394
2025-08-14,0.07346
2025-08-15,0.0737
2025-08-18,0.07345
2025-08-19,0.07361
2025-08-20,0.0739
2025-08-21,0.07406
2025-08-22,0.07438
2025-08-25,0.07425
2025-08-26,0.07411
2025-08-27,0.07386
2025-08-28,0.07377
2025-08-29,0.07366
2025-09-02,0.07358
2025-09-03,0.07376
2025-09-04,0.07372
2025-09-05,0.07404
2025-09-08,0.07405
2025-09-09,0.07425
2025-09-10,0.0745
2025-09-11,0.07467
2025-09-12,0.07495
2025-09-15,0.07512
2025-09-16,0.07508
2025-09-17,0.07515
2025-09-18,0.07527
2025-09-19,0.07494
2025-09-22,0.07513
2025-09-23,0.07544
2025-09-24,0.07539
2025-09-25,0.07538
2025-09-26,0.07579
2025-09-29,0.07591
2025-10-01,0.07604
2025-10-02,0.07566
2025-10-03,0.07585
2025-10-06,0.07598
2025-10-07,0.0759
2025-10-08,0.076
2025-10-09,0.07622
2025-10-10,0.07565
2025-10-14,0.07579
2025-10-15,0.07604
2025-10-16,0.07628
2025-10-17,0.07621
2025-10-20,0.0763
2025-10-21,0.07608
2025-10-22,0.07596
2025-10-23,0.07603
2025-10-24,0.07617
2025-10-27,0.07608
2025-10-28,0.07577
2025-10-29,0.07548
2025-10-30,0.07543
2025-10-31,0.07549
2025-11-03,0.07603
2025-11-04,0.07563
2025-11-05,0.0759
2025-11-06,0.07589
2025-11-07,0.07601
2025-11-10,0.07623
2025-11-12,0.07652
2025-11-13,0.07665
2025-11-14,0.0765
2025-11-17,0.07638
2025-11-18,0.07618
2025-11-19,0.07654
2025-11-20,0.07666
2025-11-21,0.0763
2025-11-24,0.07628
2025-11-25,0.07658
2025-11-26,0.0766
2025-11-27,0.07649
2025-11-28,0.07634
2025-12-01,0.07645
2025-12-02,0.07645
2025-12-03,0.07635
2025-12-04,0.07647
2025-12-05,0.07622
2025-12-08,0.07589
2025-12-09,0.076
2025-12-10,0.07602
2025-12-11,0.07625
2025-12-12,0.07638
2025-12-15,0.07655
2025-12-16,0.07658
2025-12-17,0.07654
2025-12-18,0.07655
2025-12-19,0.07653
2025-12-22,0.07646
2025-12-23,0.07643
2025-12-24,0.07633
2025-12-29,0.07618
2025-12-30,0.07621
2025-12-31,0.07622
2026-01-02,0.07671
2026-01-05,0.07681
2026-01-06,0.07677
2026-01-07,0.07695
2026-01-08,0.07709
2026-01-09,0.07726
2026-01-12,0.07745
2026-01-13,0.07777
2026-01-14,0.07789
2026-01-15,0.07851
2026-01-16,0.07872
2026-01-19,0.07879
2026-01-20,0.07853
2026-01-21,0.07906
2026-01-22,0.07893
2026-01-23,0.07878
2026-01-26,0.07905
2026-01-27,0.07895
2026-01-28,0.07881
2026-01-29,0.07845
2026-01-30,0.0781
2026-02-02,0.0786
2026-02-03,0.07905
2026-02-04,0.079
2026-02-05,0.07861
2026-02-06,0.07894
2026-02-09,0.07893
2026-02-10,0.07868
2026-02-11,0.0789
2026-02-12,0.07909
2026-02-13,0.07928
2026-02-17,0.07956
2026-02-18,0.07967
2026-02-19,0.07933
2026-02-20,0.07977
2026-02-23,0.07944
2026-02-24,0.07964
2026-02-25,0.07972
2026-02-26,0.07948
2026-02-27,0.07922
2026-03-02,0.07896
2026-03-03,0.07746
2026-03-04,0.07776
2026-03-05,0.07723
2026-03-06,0.07646
2026-03-09,0.07629
2026-03-10,0.07736
2026-03-11,0.07699
2026-03-12,0.07643
2026-03-13,0.07677
2026-03-16,0.07706
2026-03-17,0.07749
2026-03-18,0.0774
2026-03-19,0.077
2026-03-20,0.07667
2026-03-23,0.07714
2026-03-24,0.07719
2026-03-25,0.07773
2026-03-26,0.07768
2026-03-27,0.07678
2026-03-30,0.0769
2026-03-31,0.07752
2026-04-01,0.07786
2026-04-02,0.07788
2026-04-06,0.07825
2026-04-07,0.07835
2026-04-08,0.07949
2026-04-09,0.07952
2026-04-10,0.07989
2026-04-13,0.07966
2026-04-14,0.07974
2026-04-15,0.07961
2026-04-16,0.07938
2026-04-17,0.07931
2026-04-20,0.07885
2026-04-21,0.07877
2026-04-22,0.07883
2026-04-23,0.07877
2026-04-24,0.07859
2026-04-27,0.07835
2026-04-28,0.07858
2026-04-29,0.07824
2026-04-30,0.07778
2026-05-01,0.07791
2026-05-04,0.07782
2026-05-05,0.07831
2026-05-06,0.07897
2026-05-07,0.07913
2026-05-08,0.07953
2026-05-11,0.07948
2026-05-12,0.0795
2026-05-13,0.07967
2026-05-14,0.07971
2026-05-15,0.07925
2026-05-19,0.07915
2026-05-20,0.0794
2026-05-21,0.07951
2026-05-22,0.07973
2026-05-25,0.07993
2026-05-26,0.07979
2026-05-27,0.07968
2026-05-28,0.07965
2026-05-29,0.07952
2026-06-01,0.07969
2026-06-02,0.08001
2026-06-03,0.08012
2026-06-04,0.08039
2026-06-05,0.07988
